0.039567825,0.097544378,0.011625171,-0.057956923,1
0.048034018,0.083198914,0.016125733,-0.050653081,1
0.052248073,0.102883886,0.031017343,-0.066969304,1
0.060627237,0.102245989,0.030889983,-0.047227314,1
0.059660285,0.091559,0.030359713,-0.064831474,1
0.05249028,0.111211051,0.030590706,-0.060472304,1
0.05143612,0.089192907,0.020796189,-0.06395612,1
0.053026052,0.084884033,0.021240181,-0.050758358,1
0.046161635,0.081817308,0.011639974,-0.053993001,1
0.053245855,0.081438848,0.021640842,-0.061321388,1
0.082223824,0.078852842,0.043520991,-0.082570926,1
0.060630348,0.094296678,0.001935965,-0.046050905,1
0.08324482,0.093371248,0.029268356,-0.064052838,1
0.093097164,0.074594968,0.064614471,-0.058100825,1
0.082521586,0.085922029,0.033893851,-0.083925848,1
0.07810994,0.084695435,0.031258984,-0.076575656,1
0.078090906,0.067068665,0.03792687,-0.097960149,1
0.078346882,0.072494681,0.067992064,-0.070253285,1
0.082223824,0.078852842,0.043520991,-0.082570926,1
0.085230076,0.076209476,0.048528511,-0.086392505,1
0.0481081,0.086618556,0.019223599,-0.095053594,1
0.028356201,0.075805287,0.028581126,-0.091341563,1
0.040970481,0.077229373,0.024619199,-0.096211125,1
0.038324849,0.078113132,0.023422343,-0.097717912,1
0.037374933,0.089393928,0.020228972,-0.096777935,1
0.034937383,0.063531152,0.045335575,-0.084387882,1
0.025273726,0.066035896,0.030888725,-0.086232759,1
0.040970481,0.077229373,0.024619199,-0.096211125,1
0.039433872,0.076545147,0.022566733,-0.098133871,1
0.019928592,0.077772551,0.021234854,-0.088530363,1
0.035541284,0.077798912,0.039845563,-0.109625892,1
0.045426233,0.062331586,0.039638517,-0.098602532,1
0.048966822,0.075937814,0.040762672,-0.102993458,1
0.042227849,0.068489979,0.02563961,-0.1037982,1
0.033616339,0.080183936,0.040671885,-0.109041665,1
0.035778811,0.072083223,0.043172162,-0.111583288,1
0.031925763,0.072013543,0.039668318,-0.108530405,1
0.032200155,0.080351203,0.038284684,-0.110613336,1
0.037120253,0.07326606,0.044693107,-0.108387528,1
0.035778811,0.072083223,0.043172162,-0.111583288,1
0.026911797,0.073031709,0.04899604,-0.115775054,1
0.024143761,0.079100151,0.056479057,-0.129946256,1
0.038047391,0.098081742,0.050669351,-0.119782436,1
0.021352667,0.06920221,0.045996736,-0.112443492,1
0.044060309,0.092150703,0.05040139,-0.124973292,1
0.036746293,0.104839144,0.052775831,-0.145544819,1
0.037815228,0.102595617,0.047018483,-0.115970892,1
0.026267657,0.080410889,0.046818622,-0.124660932,1
0.037588008,0.096872004,0.055183366,-0.122375379,1
0.030822476,0.095801686,0.042780159,-0.117036798,1
0.033529972,0.104765535,0.027475543,-0.057620907,1
0.028609605,0.091945385,0.025678154,-0.069529541,1
0.038976123,0.106602542,0.035126666,-0.057423259,1
0.04988937,0.086412668,0.043986313,-0.062434336,1
0.041364199,0.085149505,0.047446982,-0.052094542,1
0.030628398,0.083948199,0.037195815,-0.057493681,1
0.033922846,0.097009471,0.034158448,-0.05538841,1
0.030020188,0.100870986,0.031659516,-0.058883237,1
0.034590138,0.094431969,0.032704609,-0.068452958,1
0.038614038,0.111949061,0.028664955,-0.0495496,1
0.071469457,0.083646383,0.06888352,-0.055972794,1
0.052587886,0.101769649,0.052658634,-0.047723565,1
0.065788746,0.083279279,0.056203578,-0.064527159,1
0.072266598,0.083426425,0.06550752,-0.051756244,1
0.065841751,0.082719917,0.055628378,-0.064798108,1
0.070490083,0.098742042,0.052646332,-0.052811612,1
0.069826005,0.082271659,0.065266304,-0.053522393,1
0.066241047,0.102609283,0.051941099,-0.058019802,1
0.070491974,0.084720865,0.064200287,-0.051382733,1
0.068951669,0.089730636,0.05296872,-0.048155118,1
0.025869045,0.064701067,0.006420343,-0.075275277,1
0.031651913,0.067923247,0.026643363,-0.09326961,1
0.050247569,0.067010009,0.016001296,-0.079999811,1
0.039371121,0.055259724,0.017903647,-0.070706926,1
0.034527203,0.082244348,0.030560267,-0.095224682,1
0.041172809,0.07439776,0.038843672,-0.091660341,1
0.035562783,0.07504713,0.034388733,-0.092230137,1
0.036674342,0.075887104,0.035303669,-0.091726383,1
0.032242418,0.06438346,0.013039715,-0.077583225,1
0.039643474,0.061611075,0.025879277,-0.089286865,1
0.04766797,0.064902016,0.029083371,-0.078969743,1
0.03775174,0.085841166,0.021336989,-0.08066072,1
0.042203539,0.058846931,0.027410152,-0.085113726,1
0.057566776,0.065194147,0.049485154,-0.080654464,1
0.030939998,0.081197672,0.020526738,-0.091952732,1
0.035929488,0.08932754,0.023960771,-0.098548803,1
0.032748323,0.073535317,0.028613566,-0.091788524,1
0.036228481,0.088835672,0.024215743,-0.09887316,1
0.046215365,0.04759193,0.024648047,-0.079086368,1
0.035832487,0.074871779,0.009657284,-0.08032689,1
0.064716498,0.091858204,0.052241132,-0.095986789,1
0.041730117,0.098475578,0.05119429,-0.108754946,1
0.045456458,0.102943562,0.060419588,-0.112690585,1
0.043537945,0.107021385,0.063649936,-0.128790932,1
0.041957531,0.098165768,0.050300712,-0.117705214,1
0.061408487,0.088389101,0.071678453,-0.103599092,1
0.045456458,0.102943562,0.060419588,-0.112690585,1
0.034393897,0.093463993,0.05774246,-0.113870935,1
0.045652341,0.095234754,0.061302762,-0.113552535,1
0.041730117,0.098475578,0.05119429,-0.108754946,1
0.034105672,0.078976486,-0.001315169,-0.05132389,1
0.036238212,0.065438903,-0.010604809,-0.053782282,1
0.035778827,0.077427795,-0.004602258,-0.053612267,1
0.034120702,0.065240076,-0.006441767,-0.075164926,1
0.04492644,0.057602822,-0.00481312,-0.06454783,1
0.031927352,0.071695664,-0.002090571,-0.056069842,1
0.030653693,0.076701545,-0.008823593,-0.055311569,1
0.033253452,0.064908359,-0.003041418,-0.051699182,1
0.033425287,0.061050602,-0.009703144,-0.055379427,1
0.03993358,0.051395191,0.005672705,-0.054035126,1
0.026261913,0.087065359,0.034634535,-0.093232966,1
0.039065835,0.094758795,0.025846605,-0.056954386,1
0.036735354,0.098259778,0.035789782,-0.0587558,1
0.017968487,0.083792,0.013608486,-0.110982647,1
0.031682154,0.055984664,0.033736974,-0.094704448,1
0.035843541,0.092354953,0.038643496,-0.058867875,1
0.035932189,0.085401068,0.035639663,-0.083647687,1
0.039763229,0.079737931,0.034037483,-0.088323191,1
0.031453874,0.061099664,0.03673149,-0.103016128,1
0.025130155,0.077204155,0.034785951,-0.091763637,1
0.024117158,0.106868664,0.012522742,-0.09735271,1
0.014708323,0.100912488,0.011855172,-0.10311688,1
0.007769861,0.09608635,-0.004307595,-0.105525625,1
0.013091525,0.095894092,0.020905793,-0.098318567,1
0.008325245,0.083404074,0.00621132,-0.106163278,1
0.005942215,0.090754497,0.011892703,-0.104099824,1
0.010597256,0.070373514,0.016587617,-0.086347788,1
0.00645175,0.083545303,0.006750938,-0.106475597,1
0.006741278,0.087311271,0.000285739,-0.10562302,1
0.007921327,0.094364134,-0.000194778,-0.108439787,1
0.051357481,0.085040372,0.05435117,-0.074584243,1
0.024235061,0.094791877,0.043438673,-0.074815522,1
0.03782834,0.074790137,0.060273347,-0.070455575,1
0.040433053,0.077801396,0.023871601,-0.080737143,1
0.040433053,0.077801396,0.023871601,-0.080737143,1
0.052622713,0.085601334,0.053694693,-0.075423133,1
0.050972996,0.086110855,0.059809057,-0.080648505,1
0.04170024,0.076981801,0.029684966,-0.086402232,1
0.051548651,0.087644238,0.06057246,-0.079847853,1
0.047343799,0.078637331,0.032792218,-0.081347043,1
0.046726137,0.119502188,0.042856903,-0.083395715,1
0.052387279,0.096210952,0.048968903,-0.088414343,1
0.045615676,0.104684791,0.04157686,-0.089271632,1
0.047073609,0.101175905,0.045597878,-0.089512941,1
0.052044934,0.098657381,0.051496173,-0.087323558,1
0.052922525,0.096409729,0.046921688,-0.082303879,1
0.052704473,0.09887606,0.050830399,-0.087842824,1
0.050500326,0.098657116,0.050172946,-0.092821169,1
0.044901628,0.10358382,0.038661074,-0.092671424,1
0.052387279,0.096210952,0.048968903,-0.088414343,1
0.021003421,0.084472458,0.019523783,-0.080325414,1
0.026257081,0.07794151,0.024988655,-0.076294097,1
0.0287107,0.07275303,0.022586339,-0.071960746,1
0.02433471,0.07035732,0.023446882,-0.083617713,1
0.022167017,0.087940388,0.019299143,-0.073819003,1
0.021853258,0.093746964,0.020248355,-0.07164823,1
0.028557827,0.074099731,0.025350644,-0.071066053,1
0.027419127,0.080854043,0.032257045,-0.070597439,1
0.030723975,0.071754967,0.028489644,-0.070915436,1
0.021896293,0.087947932,0.022831859,-0.059004203,1
0.024709729,0.067704529,0.018486108,-0.073671266,1
0.038940607,0.08467808,0.031419477,-0.083907956,1
0.024894966,0.073061478,0.016513824,-0.069705411,1
0.033497911,0.077969692,0.030480348,-0.084168441,1
0.047579481,0.086955092,0.0353241,-0.065675621,1
0.032375203,0.08474242,0.02416462,-0.070382241,1
0.021033973,0.0664189,0.022784493,-0.071582658,1
0.036747302,0.077240092,0.048503496,-0.070333239,1
0.012159402,0.0789895,0.012382958,-0.070579074,1
0.072737489,0.071117256,0.022653174,-0.07976768,1
0.032386298,0.05473149,0.027491619,-0.087985761,1
0.038926652,0.053283488,0.022482828,-0.085452712,1
0.032396264,0.034028578,0.02723394,-0.093582535,1
0.035702298,0.048673806,0.026385251,-0.076222126,1
0.029221518,0.051707137,0.028158469,-0.085817925,1
0.035702298,0.048673806,0.026385251,-0.076222126,1
0.031274978,0.04685627,0.030959144,-0.085040304,1
0.033245113,0.049872413,0.028284837,-0.080112572,1
0.028131939,0.060982556,0.031923179,-0.097647789,1
0.042238782,0.053179427,0.024833339,-0.082671741,1
0.04892516,0.092186427,0.043887037,-0.043725379,1
0.037763684,0.084511632,0.029043121,-0.041273898,1
0.035458058,0.088272898,0.039237867,-0.051640333,1
0.0422352,0.102525903,0.0337239,-0.044790071,1
0.049426603,0.075334835,0.033597436,-0.04280618,1
0.038326416,0.106007171,0.036814055,-0.041082251,1
0.035087191,0.086943507,0.038138843,-0.052637383,1
0.051997823,0.103388111,0.048796388,-0.053406,1
0.042599329,0.089741294,0.030808056,-0.051949565,1
0.042041932,0.086312345,0.034475825,-0.048327064,1
0.084812048,0.066875711,0.057618627,-0.123472364,1
0.067539251,0.067424983,0.03375029,-0.114799959,1
0.069227716,0.063050645,0.053282361,-0.088373149,1
0.065123187,0.071021664,0.031521364,-0.105719244,1
0.067082432,0.07118507,0.032207325,-0.101270042,1
0.081711336,0.082404342,0.046902668,-0.093594452,1
0.082515317,0.076407431,0.069647403,-0.104206795,1
0.062203124,0.078794627,0.040865716,-0.105488276,1
0.068043389,0.050033457,0.037912853,-0.115712721,1
0.083861153,0.071822912,0.046238099,-0.11011888,1
0.029335962,0.091160618,0.039538693,-0.125072987,1
0.03409168,0.073433401,0.057494466,-0.119199579,1
0.027282709,0.097759019,0.042380704,-0.135245327,1
0.024244336,0.088694005,0.042783207,-0.116094467,1
0.036778728,0.079460972,0.040899861,-0.116679493,1
0.023936212,0.085456624,0.048679729,-0.135606186,1
0.031952556,0.082305585,0.034283738,-0.128790881,1
0.050278615,0.090398084,0.047181916,-0.12963195,1
0.025728051,0.094509911,0.03888465,-0.108571281,1
0.024871176,0.076232616,0.050827773,-0.111424194,1
0.024167977,0.065943262,-0.013420888,-0.050331757,1
0.028479643,0.087687705,-0.017025474,-0.068781992,1
0.022182025,0.079694635,-0.008281345,-0.069472593,1
0.031071504,0.065598145,-0.005771754,-0.061899685,1
0.022381855,0.078439534,-0.015680839,-0.08234536,1
0.021623533,0.063829096,-0.009217395,-0.062684315,1
0.028967984,0.07603217,-0.002782297,-0.061903654,1
0.029044996,0.060123599,-0.006793876,-0.062694468,1
0.031350714,0.096932565,-0.013453149,-0.082624604,1
0.026419515,0.068027601,-0.005746511,-0.05950093,1
0.040471446,0.066569164,0.028919576,-0.110144252,1
0.0400439,0.05853017,0.030119697,-0.087183704,1
0.040013402,0.059276601,0.035768458,-0.078221758,1
0.025512291,0.066186994,0.032886866,-0.105401614,1
0.027011481,0.075270426,0.025792446,-0.111586769,1
0.032703455,0.053102819,0.017099995,-0.09398362,1
0.039466454,0.057804531,0.029705815,-0.092342878,1
0.043190957,0.086000873,0.055706672,-0.113162121,1
0.029717258,0.074163251,0.024240013,-0.107397633,1
0.029756743,0.050838464,0.030407208,-0.072704431,1
0.043791376,0.070373518,-0.00286159,-0.078490868,1
0.044289441,0.071880358,-0.0009714,-0.077189727,1
0.053929746,0.076974053,0.004347366,-0.080896222,1
0.044596565,0.069009224,-0.004225649,-0.079308892,1
0.042071654,0.065879545,-0.000885641,-0.079690326,1
0.057729614,0.069179828,0.037601527,-0.090102594,1
0.045115692,0.070781471,-0.003137884,-0.075860944,1
0.056135795,0.076161732,0.029758411,-0.08586231,1
0.062208116,0.068180637,0.043375554,-0.078014523,1
0.057834098,0.073516473,0.039698467,-0.087839618,1
0.082097387,0.118255887,0.086514398,-0.165114331,1
0.089619552,0.108135387,0.079543843,-0.096696391,1
0.125301611,0.123290023,0.106078205,-0.095400379,1
0.127701412,0.137018666,0.109642219,-0.091107828,1
0.10797884,0.124656612,0.124185634,-0.086731876,1
0.174769195,0.12171002,0.148748803,-0.067389475,1
0.019904076,0.094320793,0.008401934,-0.088997108,1
0.11729534,0.12764625,0.104630415,-0.107704556,1
0.015666492,0.090374324,0.006837484,-0.104749192,1
0.10832376,0.122780465,0.098837162,-0.094234617,1
0.020951471,0.084657651,0.008798882,-0.059802827,1
0.030555727,0.061423137,0.021578126,-0.073291405,1
0.029695981,0.061568133,0.016492339,-0.070786496,1
0.035797954,0.067438413,0.019489227,-0.064707805,1
0.030994871,0.069060107,0.021638552,-0.057047882,1
0.03258932,0.068788913,0.025493892,-0.061425857,1
0.034352833,0.065056266,0.019532582,-0.064302854,1
0.030034312,0.057778936,0.018642186,-0.068551934,1
0.035516618,0.058239273,0.019924207,-0.06692891,1
0.029755293,0.071499734,0.001607309,-0.070134743,1
0.056298897,0.113366758,0.07772136,-0.072583122,1
0.035908617,0.106880863,0.047073591,-0.077752659,1
0.040597117,0.112654734,0.051636363,-0.057604896,1
0.038238734,0.098539482,0.050789794,-0.067385393,1
0.045455272,0.097411691,0.047115766,-0.052188013,1
0.054400171,0.110012376,0.072405135,-0.063479446,1
0.044347447,0.095208856,0.051960553,-0.069852888,1
0.052335112,0.109536285,0.069060402,-0.059272169,1
0.033795754,0.099788276,0.047978776,-0.060798089,1
0.036384008,0.090007458,0.04830478,-0.058574294,1
0.024691093,0.074860911,0.020321306,-0.068635383,1
0.028041619,0.072976928,0.027249005,-0.082123926,1
0.027022477,0.071665577,0.028485051,-0.069129175,1
0.02288307,0.073213723,0.016582623,-0.067852296,1
0.03634432,0.0738595,0.00944635,-0.066461348,1
0.03145778,0.083492739,0.028730453,-0.076243,1
0.040211426,0.076812969,0.025009637,-0.074900054,1
0.024338135,0.056997863,0.034037361,-0.076057492,1
0.028023777,0.056267625,0.031591803,-0.074939448,1
0.024140688,0.068628941,0.021090751,-0.073800983,1
0.059797654,0.070801997,0.026225232,-0.093255856,1
0.068090706,0.090444548,0.022857931,-0.075055253,1
0.069065466,0.068659299,0.024350282,-0.091022071,1
0.062711376,0.06426335,0.022568964,-0.088835393,1
0.070091117,0.077570801,0.027350287,-0.093888516,1
0.06010051,0.065754055,0.023040554,-0.088569623,1
0.069457365,0.078510365,0.027014797,-0.093841605,1
0.065995092,0.077873094,0.026290093,-0.089435897,1
0.069643601,0.078271044,0.028679587,-0.09253742,1
0.069711465,0.079539825,0.025703355,-0.083124441,1
0.03607271,0.098076595,0.025599785,-0.051573595,1
0.033123248,0.097284827,0.018837079,-0.050158623,1
0.0362739,0.098608706,0.024447959,-0.05090974,1
0.036676397,0.100379718,0.031329879,-0.051941108,1
0.036233105,0.099661972,0.022980385,-0.048975373,1
0.03461857,0.097408988,0.022487373,-0.052542731,1
0.044026637,0.101951552,0.027435975,-0.052266699,1
0.034559619,0.098233839,0.021197476,-0.051329516,1
0.032879654,0.099729915,0.026094808,-0.051293301,1
0.036558001,0.097272208,0.024425369,-0.053503681,1
0.042357542,0.082437548,0.038897743,-0.087342447,1
0.051732646,0.058174861,0.041371277,-0.096674127,1
0.049992476,0.077025543,0.042375408,-0.097096175,1
0.048013296,0.065650598,0.041760412,-0.084921209,1
0.170776872,0.119958531,0.160989117,-0.093803421,1
0.043113112,0.079796616,0.041217939,-0.093431847,1
0.0513582,0.064251559,0.033654358,-0.097144277,1
0.037799071,0.097122891,0.040718829,-0.087526176,1
0.058289895,0.052347899,0.041312543,-0.114776433,1
0.049861667,0.060519423,0.04152193,-0.108572092,1
0.063354307,0.080392721,0.050850639,-0.068992462,1
0.056994126,0.090132378,0.055795495,-0.067030566,1
0.057389306,0.103666669,0.06065907,-0.061492513,1
0.063354307,0.080392721,0.050850639,-0.068992462,1
0.055829637,0.090575824,0.049889702,-0.048466092,1
0.063489839,0.082190557,0.052076826,-0.067217352,1
0.063317349,0.073698282,0.050763379,-0.059875275,1
0.059625068,0.081660068,0.050665199,-0.071962212,1
0.062951452,0.074233744,0.050299864,-0.061533974,1
0.067444307,0.080708427,0.048833374,-0.068035026,1
0.022498316,0.091181589,0.026292767,-0.061730998,1
0.015424502,0.068781501,0.00378682,-0.068915196,1
0.02709772,0.087426191,0.020316587,-0.086590546,1
0.036075369,0.081824274,0.032162535,-0.087436921,1
0.029355495,0.087085151,0.018667697,-0.086408631,1
0.012276594,0.064856477,0.001210198,-0.06486355,1
0.032664303,0.076363363,0.023433936,-0.086375933,1
0.00669513,0.079347908,-0.003862318,-0.061014475,1
0.030857456,0.075941832,0.023607383,-0.086294095,1
0.033676469,0.07910172,0.027486465,-0.07984134,1
0.026544621,0.069213145,0.013306161,-0.070799121,1
0.02596782,0.057529103,0.013456842,-0.073604988,1
0.023443771,0.070848892,0.011960234,-0.070590522,1
0.021163948,0.071554894,0.015185608,-0.078990133,1
0.03279848,0.064717097,0.016987672,-0.077640277,1
0.036275336,0.081876136,0.017885149,-0.072556306,1
0.023019013,0.066100831,0.014663268,-0.077626129,1
0.02116158,0.081630616,0.015314574,-0.07669915,1
0.0230571,0.081729188,0.016631884,-0.075341978,1
0.021163948,0.071554894,0.015185608,-0.078990133,1
0.056478192,0.0887242,0.016133571,-0.108317566,1
0.041749796,0.089046798,0.012679275,-0.094013426,1
0.047707703,0.075599919,0.013043601,-0.083785528,1
0.052985675,0.076816418,0.018906934,-0.096856549,1
0.057708368,0.072484373,0.023927329,-0.087841029,1
0.049974681,0.081452366,0.008399436,-0.091552595,1
0.049520494,0.090193675,0.023081342,-0.099546501,1
0.050749316,0.094567607,0.028524451,-0.110343086,1
0.041825277,0.084989958,0.011265501,-0.100631589,1
0.041105415,0.097318841,0.01376845,-0.098125655,1
0.057273244,0.076962594,0.04403986,-0.074254102,1
0.050486603,0.069546988,0.042592288,-0.074052264,1
0.033212326,0.072008169,0.023404841,-0.076528395,1
0.041742226,0.074264391,0.027484151,-0.07363092,1
0.043664281,0.074411677,0.020090004,-0.066469036,1
0.033198522,0.085018786,0.021127457,-0.079408725,1
0.044429699,0.076950027,0.03049693,-0.086449536,1
0.047089942,0.080457408,0.040446243,-0.075465333,1
0.041561621,0.064527776,0.037584429,-0.079358942,1
0.032652196,0.091052857,0.017087379,-0.071425396,1
0.043344496,0.054823597,0.02848132,-0.088925757,1
0.051459833,0.029544411,0.033771811,-0.100123746,1
0.04700344,0.030108313,0.048243518,-0.111325952,1
0.062810163,0.015207066,0.053916952,-0.098561376,1
0.04204785,0.058302472,0.048114879,-0.075236667,1
0.062766882,0.01625509,0.052924561,-0.097463453,1
0.061684585,0.029609951,0.053779658,-0.094649682,1
0.040090064,0.058912691,0.041597441,-0.088681834,1
0.061625551,0.015489584,0.050690008,-0.096944665,1
0.0640703,0.029653576,0.056807771,-0.088203934,1
0.082119306,0.09921223,0.099722185,-0.098888858,1
0.081292287,0.084214426,0.076724335,-0.105696525,1
0.043884669,0.029042121,0.037531533,-0.079175096,1
0.036795032,0.0874968,0.004839562,-0.065366141,1
0.06395504,0.102508807,0.10622914,-0.110599557,1
0.048261689,0.110923479,0.075076417,-0.124803437,1
0.026415615,0.060792531,0.020032422,-0.052217443,1
0.048594877,0.076706911,0.034554356,-0.058220645,1
0.044841293,0.028815357,0.039349505,-0.076638387,1
0.037490965,0.022907564,0.041589294,-0.079549227,1
0.031339533,0.084843525,0.038689865,-0.13128382,1
0.026867452,0.089218776,0.031298547,-0.131503023,1
0.042416479,0.116866147,0.051671247,-0.12643162,1
0.031033928,0.06588997,0.033533191,-0.127967579,1
0.069684203,0.129723204,0.079258502,-0.091860177,1
0.043873696,0.091607617,0.045490797,-0.125791367,1
0.052531921,0.123887461,0.045658707,-0.127430339,1
0.050726559,0.112065112,0.04655259,-0.116065996,1
0.048197885,0.099331962,0.054480065,-0.124433135,1
0.038004666,0.075027414,0.040711532,-0.127287362,1
0.040790791,0.053756364,0.052741751,-0.104495604,1
0.044424131,0.057371973,0.065725324,-0.102251263,1
0.031873119,0.069110908,0.048161594,-0.118540231,1
0.045973233,0.057051674,0.066055522,-0.102609312,1
0.034752302,0.04436512,0.03942466,-0.104932711,1
0.032588887,0.059104044,0.047904069,-0.112714455,1
0.033729407,0.060096662,0.040267637,-0.107340411,1
0.044222035,0.03898209,0.032446429,-0.097270125,1
0.040838459,0.050447807,0.045174144,-0.107699915,1
0.060136053,0.062232887,0.053742897,-0.09727156,1
0.050062115,0.080209684,0.010058572,-0.060263643,1
0.033031199,0.07401975,-0.018736861,-0.042761358,1
0.050025783,0.088642243,0.003776164,-0.054518583,1
0.050355798,0.082679751,0.009508932,-0.057162274,1
0.039087934,0.06280864,-0.001000881,-0.056375038,1
0.042333421,0.082605411,0.005085289,-0.065322015,1
0.058339448,0.071906987,0.028324364,-0.060267468,1
0.050188799,0.076676789,0.011114125,-0.057863857,1
0.033993509,0.057909456,-0.004454947,-0.05457698,1
0.049536514,0.083601366,0.007450264,-0.053320009,1
0.043507383,0.057570523,0.022377533,-0.085815636,1
0.033071207,0.059256722,0.004597699,-0.104265332,1
0.05543516,0.062726038,0.035009778,-0.099139872,1
0.026924486,0.068579085,0.013805101,-0.100745316,1
0.025105964,0.083970548,0.016887729,-0.110019645,1
0.012149275,0.079215416,0.022801482,-0.115738488,1
0.016093968,0.063964275,0.029968927,-0.100962765,1
0.041388956,0.075137559,0.017855039,-0.095816092,1
0.025664191,0.067021692,0.00136957,-0.095134178,1
0.022785642,0.057961042,0.010415657,-0.083249424,1
0.06181881,0.100727321,0.047009478,-0.080567798,1
0.086550008,0.063690323,0.079236058,-0.090751024,1
0.039307617,0.085807864,0.030642996,-0.098842184,1
0.041303704,0.074646129,0.035286324,-0.090082686,1
0.039974726,0.081781602,0.037976849,-0.090018953,1
0.044671466,0.076713791,0.040654222,-0.096487795,1
0.05708772,0.10039881,0.048744818,-0.063514331,1
0.081543982,0.108738972,0.074369559,-0.06784953,1
0.041163273,0.069847592,0.046023845,-0.090474711,1
0.06963056,0.081112174,0.050746789,-0.093045229,1
0.035646992,0.061554636,-0.016257419,-0.066068589,1
0.037459433,0.063124551,-0.007056211,-0.053837398,1
0.028200459,0.048521509,-0.01398521,-0.075818878,1
0.040882581,0.056133724,-0.006151422,-0.059436006,1
0.02771799,0.066073892,-0.010090769,-0.067404331,1
0.027210732,0.058590349,-0.01885199,-0.077251481,1
0.039015846,0.06063891,-0.005095085,-0.074042124,1
0.032148505,0.074380553,-0.009210972,-0.071355801,1
0.026818114,0.057791949,-0.020814138,-0.068625905,1
0.029268151,0.052059616,-0.017248764,-0.069218245,1
0.041186892,0.059941888,0.031562396,-0.101292215,1
0.045139972,0.057626489,0.053197013,-0.108082028,1
0.041350112,0.045943289,0.036713773,-0.099271333,1
0.037533075,0.058043588,0.048423454,-0.116389292,1
0.025877441,0.053846479,0.037968886,-0.106033839,1
0.025701079,0.052787361,0.04138883,-0.078063808,1
0.034295349,0.057054488,0.043854123,-0.09011332,1
0.039687457,0.063541808,0.035998639,-0.098878309,1
0.032012761,0.048012264,0.049668276,-0.092584083,1
0.033851799,0.040229743,0.03714196,-0.106502085,1
0.027528767,0.079674752,-0.017029029,-0.069321759,1
0.045093375,0.072817645,0.000885643,-0.057647493,1
0.018740898,0.064068309,-0.019419156,-0.073465275,1
0.045093375,0.072817645,0.000885643,-0.057647493,1
0.041429023,0.059400691,-0.006384376,-0.052737637,1
0.025549489,0.070365214,-0.013495601,-0.067665543,1
0.045093375,0.072817645,0.000885643,-0.057647493,1
0.045733214,0.064392604,-0.002213773,-0.061004677,1
0.043013922,0.075630467,-0.007851336,-0.052956748,1
0.045093375,0.072817645,0.000885643,-0.057647493,1
0.037935245,0.084837452,0.040257657,-0.103451543,1
0.037907336,0.089666015,0.025792589,-0.112593143,1
0.039432203,0.081071415,0.030392288,-0.109538674,1
0.036934261,0.087209299,0.034945073,-0.097222107,1
0.048147326,0.093039768,0.061876956,-0.104048065,1
0.033468429,0.089349031,0.036002629,-0.102997302,1
0.039721652,0.094120523,0.035184208,-0.096217251,1
0.035427306,0.089384646,0.029639765,-0.117398495,1
0.037482153,0.090300825,0.032463218,-0.106422034,1
0.037555573,0.079538737,0.03821276,-0.100853598,1
0.046764926,0.090850237,0.029608374,-0.079198583,1
0.05879818,0.062627095,0.042613808,-0.089954631,1
0.048596768,0.073889423,0.027104374,-0.106771181,1
0.038011795,0.091059959,0.019799949,-0.091170008,1
0.049316883,0.102510812,0.022842412,-0.084778996,1
0.035651925,0.09282396,0.025286385,-0.091956454,1
0.034919489,0.093116461,0.022206201,-0.089957481,1
0.030025177,0.089323254,0.019263645,-0.090145594,1
0.04308923,0.104912113,0.023050159,-0.087883716,1
0.047888505,0.071952981,0.026623101,-0.105203021,1
0.03839701,0.110851787,0.061036532,-0.088022041,1
0.040426775,0.111255553,0.062084,-0.091612995,1
0.038579824,0.072333207,0.047026426,-0.085078614,1
0.032478539,0.09119637,0.041318654,-0.073049416,1
0.032239874,0.084409477,0.029016817,-0.071205689,1
0.038726933,0.103198506,0.072544249,-0.090070771,1
0.031059676,0.089527145,0.030749192,-0.065916396,1
0.039555488,0.104973751,0.0315016,-0.072931836,1
0.035838755,0.111424667,0.06234722,-0.090348591,1
0.038799981,0.110538333,0.041907503,-0.080776069,1
0.068317583,0.081302581,0.027870393,-0.099397353,1
0.072730492,0.084367096,0.028513819,-0.080617633,1
0.065224587,0.074626896,0.017965194,-0.086469372,1
0.070013153,0.089427781,0.019276208,-0.077559658,1
0.071292828,0.082473304,0.027753081,-0.082361704,1
0.068778709,0.079474552,0.024425491,-0.102831992,1
0.070801096,0.081214363,0.027565822,-0.097731773,1
0.070424602,0.081685647,0.026654397,-0.098387882,1
0.070073464,0.080087657,0.025511423,-0.098021854,1
0.072025286,0.081619958,0.023014483,-0.100686351,1
0.10832376,0.122780465,0.098837162,-0.094234617,1
0.020951471,0.084657651,0.008798882,-0.059802827,1
0.030555727,0.061423137,0.021578126,-0.073291405,1
0.029695981,0.061568133,0.016492339,-0.070786496,1
0.035797954,0.067438413,0.019489227,-0.064707805,1
0.030994871,0.069060107,0.021638552,-0.057047882,1
0.03258932,0.068788913,0.025493892,-0.061425857,1
0.034352833,0.065056266,0.019532582,-0.064302854,1
0.030034312,0.057778936,0.018642186,-0.068551934,1
0.035516618,0.058239273,0.019924207,-0.06692891,1
0.029755293,0.071499734,0.001607309,-0.070134743,1
0.056298897,0.113366758,0.07772136,-0.072583122,1
0.035908617,0.106880863,0.047073591,-0.077752659,1
0.040597117,0.112654734,0.051636363,-0.057604896,1
0.038238734,0.098539482,0.050789794,-0.067385393,1
0.045455272,0.097411691,0.047115766,-0.052188013,1
0.054400171,0.110012376,0.072405135,-0.063479446,1
0.044347447,0.095208856,0.051960553,-0.069852888,1
0.052335112,0.109536285,0.069060402,-0.059272169,1
0.033795754,0.099788276,0.047978776,-0.060798089,1
0.036384008,0.090007458,0.04830478,-0.058574294,1
0.024691093,0.074860911,0.020321306,-0.068635383,1
0.028041619,0.072976928,0.027249005,-0.082123926,1
0.027022477,0.071665577,0.028485051,-0.069129175,1
0.02288307,0.073213723,0.016582623,-0.067852296,1
0.03634432,0.0738595,0.00944635,-0.066461348,1
0.03145778,0.083492739,0.028730453,-0.076243,1
0.040211426,0.076812969,0.025009637,-0.074900054,1
0.024338135,0.056997863,0.034037361,-0.076057492,1
0.028023777,0.056267625,0.031591803,-0.074939448,1
0.024140688,0.068628941,0.021090751,-0.073800983,1
0.059797654,0.070801997,0.026225232,-0.093255856,1
0.068090706,0.090444548,0.022857931,-0.075055253,1
0.069065466,0.068659299,0.024350282,-0.091022071,1
0.062711376,0.06426335,0.022568964,-0.088835393,1
0.070091117,0.077570801,0.027350287,-0.093888516,1
0.06010051,0.065754055,0.023040554,-0.088569623,1
0.069457365,0.078510365,0.027014797,-0.093841605,1
0.065995092,0.077873094,0.026290093,-0.089435897,1
0.069643601,0.078271044,0.028679587,-0.09253742,1
0.069711465,0.079539825,0.025703355,-0.083124441,1
0.03607271,0.098076595,0.025599785,-0.051573595,1
0.033123248,0.097284827,0.018837079,-0.050158623,1
0.0362739,0.098608706,0.024447959,-0.05090974,1
0.036676397,0.100379718,0.031329879,-0.051941108,1
0.036233105,0.099661972,0.022980385,-0.048975373,1
0.03461857,0.097408988,0.022487373,-0.052542731,1
0.044026637,0.101951552,0.027435975,-0.052266699,1
0.034559619,0.098233839,0.021197476,-0.051329516,1
0.032879654,0.099729915,0.026094808,-0.051293301,1
0.036558001,0.097272208,0.024425369,-0.053503681,1
0.042357542,0.082437548,0.038897743,-0.087342447,1
0.051732646,0.058174861,0.041371277,-0.096674127,1
0.049992476,0.077025543,0.042375408,-0.097096175,1
0.048013296,0.065650598,0.041760412,-0.084921209,1
0.170776872,0.119958531,0.160989117,-0.093803421,1
0.043113112,0.079796616,0.041217939,-0.093431847,1
0.0513582,0.064251559,0.033654358,-0.097144277,1
0.037799071,0.097122891,0.040718829,-0.087526176,1
0.058289895,0.052347899,0.041312543,-0.114776433,1
0.049861667,0.060519423,0.04152193,-0.108572092,1
0.063354307,0.080392721,0.050850639,-0.068992462,1
0.056994126,0.090132378,0.055795495,-0.067030566,1
0.057389306,0.103666669,0.06065907,-0.061492513,1
0.063354307,0.080392721,0.050850639,-0.068992462,1
0.055829637,0.090575824,0.049889702,-0.048466092,1
0.063489839,0.082190557,0.052076826,-0.067217352,1
0.063317349,0.073698282,0.050763379,-0.059875275,1
0.059625068,0.081660068,0.050665199,-0.071962212,1
0.062951452,0.074233744,0.050299864,-0.061533974,1
0.067444307,0.080708427,0.048833374,-0.068035026,1
0.022498316,0.091181589,0.026292767,-0.061730998,1
0.015424502,0.068781501,0.00378682,-0.068915196,1
0.02709772,0.087426191,0.020316587,-0.086590546,1
0.036075369,0.081824274,0.032162535,-0.087436921,1
0.029355495,0.087085151,0.018667697,-0.086408631,1
0.012276594,0.064856477,0.001210198,-0.06486355,1
0.032664303,0.076363363,0.023433936,-0.086375933,1
0.00669513,0.079347908,-0.003862318,-0.061014475,1
0.030857456,0.075941832,0.023607383,-0.086294095,1
0.033676469,0.07910172,0.027486465,-0.07984134,1
0.026544621,0.069213145,0.013306161,-0.070799121,1
0.02596782,0.057529103,0.013456842,-0.073604988,1
0.023443771,0.070848892,0.011960234,-0.070590522,1
0.021163948,0.071554894,0.015185608,-0.078990133,1
0.03279848,0.064717097,0.016987672,-0.077640277,1
0.036275336,0.081876136,0.017885149,-0.072556306,1
0.023019013,0.066100831,0.014663268,-0.077626129,1
0.02116158,0.081630616,0.015314574,-0.07669915,1
0.0230571,0.081729188,0.016631884,-0.075341978,1
0.021163948,0.071554894,0.015185608,-0.078990133,1
0.056478192,0.0887242,0.016133571,-0.108317566,1
0.041749796,0.089046798,0.012679275,-0.094013426,1
0.047707703,0.075599919,0.013043601,-0.083785528,1
0.052985675,0.076816418,0.018906934,-0.096856549,1
0.057708368,0.072484373,0.023927329,-0.087841029,1
0.049974681,0.081452366,0.008399436,-0.091552595,1
0.049520494,0.090193675,0.023081342,-0.099546501,1
0.050749316,0.094567607,0.028524451,-0.110343086,1
0.041825277,0.084989958,0.011265501,-0.100631589,1
0.041105415,0.097318841,0.01376845,-0.098125655,1
0.057273244,0.076962594,0.04403986,-0.074254102,1
0.050486603,0.069546988,0.042592288,-0.074052264,1
0.033212326,0.072008169,0.023404841,-0.076528395,1
0.041742226,0.074264391,0.027484151,-0.07363092,1
0.043664281,0.074411677,0.020090004,-0.066469036,1
0.033198522,0.085018786,0.021127457,-0.079408725,1
0.044429699,0.076950027,0.03049693,-0.086449536,1
0.047089942,0.080457408,0.040446243,-0.075465333,1
0.041561621,0.064527776,0.037584429,-0.079358942,1
0.032652196,0.091052857,0.017087379,-0.071425396,1
0.043344496,0.054823597,0.02848132,-0.088925757,1
0.051459833,0.029544411,0.033771811,-0.100123746,1
0.04700344,0.030108313,0.048243518,-0.111325952,1
0.062810163,0.015207066,0.053916952,-0.098561376,1
0.04204785,0.058302472,0.048114879,-0.075236667,1
0.062766882,0.01625509,0.052924561,-0.097463453,1
0.061684585,0.029609951,0.053779658,-0.094649682,1
0.040090064,0.058912691,0.041597441,-0.088681834,1
0.061625551,0.015489584,0.050690008,-0.096944665,1
0.0640703,0.029653576,0.056807771,-0.088203934,1
0.082119306,0.09921223,0.099722185,-0.098888858,1
0.081292287,0.084214426,0.076724335,-0.105696525,1
0.043884669,0.029042121,0.037531533,-0.079175096,1
0.036795032,0.0874968,0.004839562,-0.065366141,1
0.06395504,0.102508807,0.10622914,-0.110599557,1
0.048261689,0.110923479,0.075076417,-0.124803437,1
0.026415615,0.060792531,0.020032422,-0.052217443,1
0.048594877,0.076706911,0.034554356,-0.058220645,1
0.044841293,0.028815357,0.039349505,-0.076638387,1
0.037490965,0.022907564,0.041589294,-0.079549227,1
0.031339533,0.084843525,0.038689865,-0.13128382,1
0.026867452,0.089218776,0.031298547,-0.131503023,1
0.042416479,0.116866147,0.051671247,-0.12643162,1
0.031033928,0.06588997,0.033533191,-0.127967579,1
0.069684203,0.129723204,0.079258502,-0.091860177,1
0.043873696,0.091607617,0.045490797,-0.125791367,1
0.052531921,0.123887461,0.045658707,-0.127430339,1
0.050726559,0.112065112,0.04655259,-0.116065996,1
0.048197885,0.099331962,0.054480065,-0.124433135,1
0.038004666,0.075027414,0.040711532,-0.127287362,1
0.040790791,0.053756364,0.052741751,-0.104495604,1
0.044424131,0.057371973,0.065725324,-0.102251263,1
0.031873119,0.069110908,0.048161594,-0.118540231,1
0.045973233,0.057051674,0.066055522,-0.102609312,1
0.034752302,0.04436512,0.03942466,-0.104932711,1
0.032588887,0.059104044,0.047904069,-0.112714455,1
0.033729407,0.060096662,0.040267637,-0.107340411,1
0.044222035,0.03898209,0.032446429,-0.097270125,1
0.040838459,0.050447807,0.045174144,-0.107699915,1
0.060136053,0.062232887,0.053742897,-0.09727156,1
0.050062115,0.080209684,0.010058572,-0.060263643,1
0.033031199,0.07401975,-0.018736861,-0.042761358,1
0.050025783,0.088642243,0.003776164,-0.054518583,1
0.050355798,0.082679751,0.009508932,-0.057162274,1
0.039087934,0.06280864,-0.001000881,-0.056375038,1
0.042333421,0.082605411,0.005085289,-0.065322015,1
0.058339448,0.071906987,0.028324364,-0.060267468,1
0.050188799,0.076676789,0.011114125,-0.057863857,1
0.033993509,0.057909456,-0.004454947,-0.05457698,1
0.049536514,0.083601366,0.007450264,-0.053320009,1
0.043507383,0.057570523,0.022377533,-0.085815636,1
0.048831547,0.073245778,0.042913792,-0.1124527,0
0.049942143,0.06549723,0.048013286,-0.105035781,0
0.037759142,0.067476486,0.037266972,-0.103200091,0
0.034053917,0.058069687,0.034691393,-0.128907659,0
0.03817175,0.035537812,0.039543659,-0.111003732,0
0.034511957,0.068544526,0.040993756,-0.113590551,0
0.044451581,0.031345469,0.047997543,-0.115598531,0
0.028280221,0.039432002,0.038008592,-0.116657678,0
0.032055952,0.068515011,0.018755016,-0.102446216,0
0.037447207,0.074526178,0.020536696,-0.115764461,0
0.043832728,0.071166024,0.040513287,-0.094807956,0
0.040560836,0.082026851,0.040793235,-0.108128018,0
0.042047132,0.084178832,0.04177012,-0.105857119,0
0.051212273,0.057682417,0.042492904,-0.12394999,0
0.012890041,0.073862821,0.037738464,-0.090706116,0
0.048571447,0.066286635,0.039528292,-0.114224923,0
0.03595363,0.076426225,0.03645662,-0.109665342,0
0.020008866,0.07708732,0.03962641,-0.10000176,0
0.047304954,0.065054846,0.047485701,-0.105458724,0
0.038602045,0.064732942,0.042894593,-0.117177438,0
0.056075371,0.084333974,0.040103512,-0.089359037,0
0.046517765,0.100576407,0.021407738,-0.082529002,0
0.043990696,0.093842357,0.012615582,-0.077606836,0
0.047596175,0.082560997,0.014067055,-0.103574547,0
0.035116444,0.078018959,0.015576549,-0.074360191,0
0.051641448,0.068018908,0.036406965,-0.085906553,0
0.058710391,0.095623587,0.022186157,-0.079931778,0
0.070664239,0.096722701,0.021615425,-0.074769097,0
0.047392547,0.09365981,0.020640112,-0.087087018,0
0.024590965,0.081656149,0.019343664,-0.082963682,0
0.051404821,0.074352635,0.053886272,-0.048031413,0
0.051404821,0.074352635,0.053886272,-0.048031413,0
0.049825628,0.060599354,0.056136484,-0.043327307,0
0.051404821,0.074352635,0.053886272,-0.048031413,0
0.054164106,0.072084812,0.051544953,-0.042638864,0
0.051404821,0.074352635,0.053886272,-0.048031413,0
0.039063167,0.057305843,0.061357431,-0.077789403,0
0.051404821,0.074352635,0.053886272,-0.048031413,0
0.051404821,0.074352635,0.053886272,-0.048031413,0
0.040674548,0.06094774,0.059948615,-0.079239957,0
0.032195789,0.062332637,0.007672939,-0.0889993,0
0.038435565,0.065376558,0.020828448,-0.085625301,0
0.045877197,0.07109611,0.026490786,-0.096117933,0
0.035743733,0.063800762,0.025048125,-0.08726763,0
0.031215262,0.066146803,0.01281229,-0.095271685,0
0.039560762,0.064004521,0.018942415,-0.082558526,0
0.038238431,0.062937125,0.014715084,-0.096885401,0
0.04533959,0.069979975,0.026057466,-0.097734423,0
0.038435565,0.065376558,0.020828448,-0.085625301,0
0.033963362,0.063783203,0.014110717,-0.096905649,0
0.044047484,0.097062585,0.043908236,-0.12417181,0
0.048422803,0.09678349,0.04191614,-0.133081599,0
0.035002625,0.092222435,0.046207557,-0.122148654,0
0.047012215,0.101015335,0.040387788,-0.12764993,0
0.032819813,0.092566043,0.044347889,-0.11589699,0
0.037336137,0.088658579,0.045333551,-0.122056565,0
0.046861485,0.098331082,0.047251462,-0.134522105,0
0.048422803,0.09678349,0.04191614,-0.133081599,0
0.048422803,0.09678349,0.04191614,-0.133081599,0
0.048422803,0.09678349,0.04191614,-0.133081599,0
0.073321149,0.065634673,0.036467686,-0.063591799,0
0.043376146,0.066319627,0.001272952,-0.064450119,0
0.047397722,0.068544755,0.002247719,-0.071840453,0
0.044902508,0.068455236,-0.005689511,-0.075557655,0
0.037508147,0.06252114,-0.004510867,-0.065221721,0
0.037508147,0.06252114,-0.004510867,-0.065221721,0
0.036343719,0.061841845,-0.006493496,-0.064539462,0
0.037756075,0.072487876,-0.005045812,-0.069243674,0
0.033505069,0.070299682,-0.004367222,-0.073552699,0
0.03640014,0.059379138,-0.005794537,-0.069818724,0
0.008851996,0.104664685,0.016555518,-0.118026111,0
-0.000706977,0.105228172,0.016661506,-0.116739472,0
0.000184377,0.108694159,0.011675457,-0.118735444,0
0.005294222,0.106875704,0.011570605,-0.118526107,0
-0.001718479,0.105813467,0.013289166,-0.117068666,0
0.003620152,0.102367646,0.009876425,-0.114653211,0
-0.001301773,0.105903325,0.01304509,-0.118719305,0
-0.003053515,0.098476574,0.014875632,-0.112628245,0
0.003798213,0.102500064,0.016222943,-0.11940713,0
3.86E-05,0.106266329,0.008371045,-0.118872981,0
0.054723896,0.057027444,0.024048786,-0.079165055,0
0.047071113,0.064990679,0.028479329,-0.061502779,0
0.037661081,0.086930767,0.01387396,-0.11090823,0
0.045004837,0.07513039,0.028414775,-0.084134151,0
0.043620453,0.07457067,0.018250772,-0.11435132,0
0.043273054,0.084770947,0.032994242,-0.091194471,0
0.049480328,0.059736114,0.029462704,-0.086596332,0
0.036639799,0.070782411,-0.006042643,-0.100829344,0
0.046504315,0.073916107,0.013692071,-0.094935019,0
0.039171111,0.09920015,0.019715102,-0.097682964,0
0.028054111,0.069301783,0.014620636,-0.086591495,0
0.037200893,0.056764329,0.014091609,-0.07970726,0
0.034941058,0.066293697,0.007987897,-0.078299304,0
0.034765943,0.069950556,0.010046742,-0.080539882,0
0.03572015,0.058899653,0.009500672,-0.077834459,0
0.03495637,0.068312251,0.00799095,-0.081226031,0
0.034941058,0.066293697,0.007987897,-0.078299304,0
0.034157041,0.066724874,0.008687355,-0.078433469,0
0.03572015,0.058899653,0.009500672,-0.077834459,0
0.036239564,0.070986214,0.013610492,-0.078497759,0
0.040119475,0.056258495,0.072669115,-0.107380814,0
0.085908909,0.105156556,0.099703062,-0.083490152,0
0.041366385,0.074376225,0.032995525,-0.068809861,0
0.056097513,0.102807435,0.038060338,-0.071762614,0
0.06341896,0.054777453,0.064208006,-0.094277307,0
0.043973832,0.078762578,0.026129036,-0.077043181,0
0.043793726,0.077208763,0.019831219,-0.0577577,0
0.052915325,0.075491615,0.024326223,-0.073837641,0
0.086455495,0.112447253,0.095957684,-0.084028349,0
0.044659819,0.081101968,0.024612819,-0.073492963,0
0.033340806,0.084286439,0.034184956,-0.067849015,0
0.043033218,0.089356357,0.039726567,-0.066340953,0
0.037923447,0.088451071,0.031605511,-0.067265754,0
0.040864434,0.080511257,0.036872995,-0.067857529,0
0.08517752,0.061781112,0.094780652,-0.015854065,0
0.048559357,0.074238732,0.045490788,-0.049920352,0
0.039023353,0.091667298,0.023037386,-0.047757445,0
0.043743083,0.091326138,0.043833008,-0.068576489,0
0.043436944,0.099230273,0.024980281,-0.067178476,0
0.043250011,0.08642602,0.018377043,-0.059719074,0
0.043776524,0.078811059,0.045277916,-0.108912595,0
0.045482292,0.0777739,0.047341923,-0.110487995,0
0.045482292,0.0777739,0.047341923,-0.110487995,0
0.053644561,0.090098364,0.048132219,-0.10959954,0
0.054562109,0.091079583,0.048504123,-0.109153574,0
0.043776524,0.078811059,0.045277916,-0.108912595,0
0.052952446,0.089994168,0.047186973,-0.109113545,0
0.045234253,0.077808696,0.047264502,-0.110462755,0
0.053916044,0.090069867,0.048214097,-0.109626511,0
0.045482292,0.0777739,0.047341923,-0.110487995,0
0.043869379,0.072805681,0.037234617,-0.100581474,0
0.053084362,0.073105471,0.040805092,-0.09613807,0
0.055399,0.073834534,0.040521144,-0.087519807,0
0.044488632,0.077534461,0.023317907,-0.082167849,0
0.059148001,0.068942609,0.039510465,-0.09840436,0
0.059148001,0.068942609,0.039510465,-0.09840436,0
0.076015583,0.092101627,0.066377127,-0.07089798,0
0.051993619,0.073301732,0.037023954,-0.096166914,0
0.043804785,0.075237758,0.033515056,-0.092952821,0
0.059148001,0.068942609,0.039510465,-0.09840436,0
0.04874368,0.059641748,0.026985702,-0.105021259,0
0.049346512,0.019945238,0.0500754,-0.132365493,0
0.045997801,0.06098892,0.023583896,-0.097048071,0
0.051230447,0.07783802,0.020567167,-0.110383879,0
0.045553994,0.055046359,0.025240666,-0.099507186,0
0.04808715,0.060618932,0.024868274,-0.102622041,0
0.037025425,0.054271283,0.027281051,-0.096675195,0
0.042673596,0.060463117,0.028677475,-0.101852918,0
0.054214961,0.06008415,0.02819375,-0.104450441,0
0.050550637,0.065821946,0.018967427,-0.117222505,0
0.032469605,0.058874844,0.035417707,-0.070094723,0
0.031214591,0.049504205,0.02360417,-0.079838869,0
0.033455962,0.043174184,0.029922172,-0.072542657,0
0.034232925,0.064552446,0.038386181,-0.075190803,0
0.026324857,0.067772977,0.015304204,-0.077386296,0
0.015101905,0.049140572,0.023320103,-0.074310637,0
0.012636998,0.051283483,0.033342466,-0.093381057,0
0.04295288,0.067702769,0.030706788,-0.07154091,0
0.036121389,0.062794029,0.035647086,-0.066265788,0
0.035032898,0.053787018,0.034578074,-0.082660016,0
0.040529709,0.072749945,0.024233998,-0.071149985,0
0.03179093,0.081030206,0.014723292,-0.085553383,0
0.026678222,0.082418729,0.006921745,-0.081874882,0
0.030883027,0.086238069,0.009976259,-0.076297944,0
0.026331408,0.085386234,0.006132184,-0.082421332,0
0.035242427,0.072999791,0.027462911,-0.071457221,0
0.024797116,0.085095137,0.011398607,-0.090383741,0
0.031217624,0.081606314,0.011330737,-0.078762113,0
0.039467972,0.061484756,0.035068386,-0.069203091,0
0.026133854,0.084599725,0.006510976,-0.082663725,0
0.057402007,0.0828723,0.03988617,-0.09773696,0
0.066138378,0.079753583,0.06387049,-0.079580272,0
0.063093006,0.077039546,0.042873318,-0.093566604,0
0.057260306,0.072877544,0.039723921,-0.098853809,0
0.057260306,0.072877544,0.039723921,-0.098853809,0
0.066317707,0.063557153,0.042635631,-0.080557513,0
0.063893816,0.097913453,0.026606896,-0.103360953,0
0.057260306,0.072877544,0.039723921,-0.098853809,0
0.057260306,0.072877544,0.039723921,-0.098853809,0
0.065782537,0.072226845,0.04187825,-0.082687182,0
0.045778947,0.084100105,0.037798972,-0.110971773,0
0.045590872,0.064908416,0.029949328,-0.120075082,0
0.034289815,0.083167855,0.030220653,-0.110067261,0
0.038449845,0.075050011,0.030803743,-0.118838844,0
0.028322716,0.0824507,0.033981082,-0.125323653,0
0.043330918,0.081931058,0.03891312,-0.122768844,0
0.034142168,0.074513664,0.02713996,-0.120508553,0
0.028211568,0.072163092,0.034500362,-0.119134698,0
0.033806522,0.073114005,0.030523507,-0.102722006,0
0.073909134,0.109130162,0.084629405,-0.077657982,0
0.053485968,0.05815811,0.041529673,-0.106929619,0
0.047950248,0.068924273,0.042061916,-0.117892503,0
0.067752697,0.070913911,0.05188677,-0.106490741,0
0.049403152,0.071498655,0.028587865,-0.11410562,0
0.052185726,0.072731382,0.03007576,-0.118466924,0
0.046487922,0.060735627,0.036466714,-0.117987309,0
0.034904754,0.10645156,0.008627393,-0.085407819,0
0.036625689,0.046525998,0.029718559,-0.10118784,0
0.047425313,0.064443467,0.03349274,-0.111309379,0
0.073174235,0.077302442,0.057454806,-0.111317133,0
0.026232575,0.075917412,0.008833333,-0.075954013,0
0.032884269,0.084420592,0.009530838,-0.075440322,0
0.032571381,0.080176104,0.009481633,-0.074358048,0
0.034246686,0.093368851,0.01512708,-0.077661818,0
0.054621625,0.089917733,0.037426544,-0.094696236,0
0.034304605,0.091251814,0.008319971,-0.075771277,0
0.037796849,0.084749519,0.026212544,-0.078181874,0
0.036570043,0.091354207,0.04361482,-0.091479993,0
0.033944137,0.083035923,0.015429103,-0.074807491,0
0.03504021,0.091733105,0.033255491,-0.087887612,0
0.04802802,0.089603917,0.001053462,-0.066736213,0
0.030104023,0.078878874,-0.018513358,-0.077258255,0
0.044813023,0.084308531,-0.007311356,-0.082160999,0
0.044365349,0.091619177,-0.009230936,-0.077533267,0
0.045529026,0.092692418,-0.003498739,-0.078835106,0
0.031486649,0.089579637,-0.002776333,-0.077346795,0
0.043387029,0.079456382,-0.003206036,-0.071146733,0
0.02679798,0.080280949,-0.015608025,-0.075093851,0
0.056611901,0.103131949,0.020583813,-0.075170823,0
0.047129999,0.0947947,-0.000887035,-0.071942732,0
0.04172145,0.046380489,0.056772353,-0.079733401,0
0.045179863,0.062227296,0.048784969,-0.093271624,0
0.035417083,0.060821668,0.043601112,-0.084557951,0
0.050717753,0.063129663,0.051636116,-0.091458423,0
0.040458209,0.062073922,0.039554193,-0.08453998,0
0.025188975,0.059922909,0.039861714,-0.079961601,0
0.038391691,0.062119598,0.050497937,-0.079996323,0
0.042442863,0.062403787,0.050067795,-0.091674979,0
0.056083315,0.08050235,0.041761963,-0.09261967,0
0.038593536,0.070320436,0.040477418,-0.086388799,0
0.055015959,0.098574167,0.054722874,-0.08836154,0
0.05798572,0.101601915,0.057922658,-0.075596105,0
0.054114735,0.104603719,0.058111466,-0.077708956,0
0.056059132,0.100661227,0.05137928,-0.074479128,0
0.066379902,0.085417295,0.062047091,-0.086796865,0
0.066069867,0.096525189,0.065936892,-0.094219129,0
0.050925822,0.102508029,0.042587645,-0.08031701,0
0.051878984,0.104280481,0.05582057,-0.077119436,0
0.050925822,0.102508029,0.042587645,-0.08031701,0
0.058705764,0.098541668,0.060434338,-0.081800439,0
0.041406083,0.058228727,0.003237125,-0.073542495,0
0.039936414,0.05557585,-0.00432664,-0.076427792,0
0.038059269,0.05696921,0.018689901,-0.082304987,0
0.026688114,0.066644924,-0.001772979,-0.069892485,0
0.051784513,0.066779524,0.002286007,-0.072847225,0
0.03377781,0.066901998,0.002430179,-0.071256128,0
0.033186015,0.055384784,0.005707647,-0.057082971,0
0.047580219,0.068268652,0.001249538,-0.083588112,0
0.045943354,0.059273946,-0.000786302,-0.078648539,0
0.025339104,0.063830583,0.00537271,-0.075043819,0
0.065105322,0.071321033,0.014398773,-0.073097574,0
0.059243333,0.074755355,0.006794519,-0.066082731,0
0.066377992,0.071066022,0.014362584,-0.074337231,0
0.065032633,0.072275393,0.026989366,-0.067464729,0
0.063317312,0.074611911,0.024721923,-0.070506779,0
0.063183948,0.084588939,0.02903882,-0.082017339,0
0.054045387,0.092904129,0.010383125,-0.073943332,0
0.058687821,0.075160519,0.004304919,-0.065747022,0
0.058175836,0.079706558,0.009697365,-0.077150328,0
0.05708274,0.076448066,0.012401072,-0.084433006,0
0.053031181,0.083269955,0.039363371,-0.119485479,0
0.043151833,0.089702865,0.015487761,-0.103690915,0
0.049264665,0.095763593,0.046771829,-0.12070032,0
0.043373778,0.092663572,0.018389839,-0.119420542,0
0.050615659,0.081205711,0.020223834,-0.123778483,0
0.05404664,0.09959664,0.048648798,-0.124993935,0
0.053031181,0.083269955,0.039363371,-0.119485479,0
0.048545102,0.096803736,0.031974938,-0.120264353,0
0.052009093,0.083390147,0.038296615,-0.114474234,0
0.04537464,0.097604763,0.013438925,-0.11490476,0
0.048027431,0.047898608,0.05436811,-0.073122337,0
0.041275497,0.051429633,0.033125522,-0.081590732,0
0.04017919,0.051444014,0.033963358,-0.082494953,0
0.04017919,0.051444014,0.033963358,-0.082494953,0
0.04017919,0.051444014,0.033963358,-0.082494953,0
0.047576507,0.059394733,0.029093144,-0.083511872,0
0.04017919,0.051444014,0.033963358,-0.082494953,0
0.04325619,0.058428545,0.038905511,-0.091995808,0
0.04325619,0.058428545,0.038905511,-0.091995808,0
0.072404357,0.075464899,0.029143759,-0.059994571,0
0.031410872,0.093014933,0.02891379,-0.064904411,0
0.027593915,0.091213564,0.026126544,-0.067449938,0
0.027246156,0.083605729,0.033056182,-0.064096998,0
0.029420604,0.079838954,0.029784325,-0.071474798,0
0.027593915,0.091213564,0.026126544,-0.067449938,0
0.027246156,0.083605729,0.033056182,-0.064096998,0
0.029816365,0.086431501,0.027196459,-0.072043164,0
0.048565099,0.081200918,0.031980282,-0.103366145,0
0.033683131,0.098086851,0.039072622,-0.072438236,0
0.029202572,0.09088977,0.029978526,-0.068746327,0
0.01968253,0.091364486,0.015885359,-0.076586562,0
0.014665917,0.087982885,0.002435433,-0.07322753,0
0.022643244,0.095159098,0.015632749,-0.060706022,0
0.020670843,0.090132898,0.025888713,-0.059259709,0
0.030634328,0.093265242,0.028340804,-0.077528236,0
0.018027959,0.084094967,0.014451392,-0.06629424,0
0.025192886,0.079222626,0.022475653,-0.085279356,0
0.040744113,0.111624071,0.012356531,-0.06219839,0
0.030020125,0.093421091,0.028807266,-0.06033462,0
0.001750402,0.07511308,0.004656685,-0.077904625,0
0.032153291,0.079500314,-0.008547347,-0.093852982,0
0.032981381,0.079504265,-0.010722064,-0.098434877,0
0.03280286,0.080898246,-0.008037518,-0.094770979,0
0.038832774,0.092076624,-0.006528643,-0.099018242,0
0.032657676,0.077412205,-0.008809598,-0.092681943,0
0.036000135,0.085953093,-0.003111916,-0.098256816,0
0.033487932,0.082893765,-0.011864409,-0.092632797,0
0.040152155,0.106363508,-0.00256969,-0.091313711,0
0.033072418,0.077936087,-0.004903325,-0.101872637,0
0.022901605,0.070787467,-0.012228614,-0.100283151,0
0.021578105,0.096480554,0.057077009,-0.062140564,0
0.020185899,0.088044613,0.05267353,-0.064435121,0
0.024607091,0.097734921,0.05653203,-0.060290152,0
0.059333101,0.081995951,0.051829877,-0.060994703,0
0.058409717,0.08363963,0.048069757,-0.050203456,0
0.060913081,0.096130938,0.050249703,-0.057948365,0
0.044873118,0.103112719,0.068570428,-0.058618242,0
0.02772604,0.085555861,0.043969621,-0.063076163,0
0.070068203,0.096120701,0.062528004,-0.059505781,0
0.060620597,0.084901473,0.053795919,-0.055369418,0
0.017794216,0.066383982,0.050920628,-0.119518366,0
0.019178417,0.064864308,0.053599136,-0.121395287,0
0.019178417,0.064864308,0.053599136,-0.121395287,0
0.017794216,0.066383982,0.050920628,-0.119518366,0
0.017794216,0.066383982,0.050920628,-0.119518366,0
0.019178417,0.064864308,0.053599136,-0.121395287,0
0.012813897,0.075201985,0.061125634,-0.120094471,0
0.014418516,0.079608203,0.066451847,-0.119357169,0
0.024527077,0.075532947,0.062503657,-0.11376381,0
0.015402347,0.068931597,0.058537467,-0.116677365,0
0.060677237,0.061562959,0.025374286,-0.091794428,0
0.060279394,0.059178971,0.018961193,-0.092000228,0
0.066753733,0.072613816,0.022726392,-0.072759382,0
0.028397646,0.072129423,0.00596533,-0.104100469,0
0.061173883,0.056766078,0.021581708,-0.097307287,0
0.033892044,0.074382457,-0.001225542,-0.11835555,0
0.035100299,0.085773927,0.005475355,-0.116003911,0
0.043759232,0.064564752,0.005990952,-0.089147033,0
0.045435153,0.063517473,0.008618264,-0.078492064,0
0.048297389,0.071641503,0.031979336,-0.103953722,0
0.0520714,0.077550401,0.049268115,-0.079575015,0
0.044530262,0.089129641,0.057315828,-0.09043938,0
0.061336706,0.068495619,0.058328734,-0.077887452,0
0.060694196,0.081775392,0.061244357,-0.088197341,0
0.057439284,0.067253467,0.059655339,-0.082278656,0
0.07208945,0.097807797,0.057819738,-0.07479519,0
0.04997977,0.068612749,0.045782102,-0.110530131,0
0.039271817,0.083379629,0.042547099,-0.097885865,0
0.039271817,0.083379629,0.042547099,-0.097885865,0
0.05216493,0.07493556,0.054758967,-0.082177492,0
0.028324928,0.066197378,-0.016423747,-0.064144193,0
0.031032465,0.066973636,-0.030965428,-0.058803083,0
0.041112328,0.074715589,-0.034662764,-0.073551467,0
0.020987999,0.068952998,-0.033155021,-0.071250778,0
0.034759531,0.057534843,-0.010054886,-0.074533748,0
0.037513468,0.062594122,-0.019617507,-0.063964974,0
0.029911557,0.070096235,-0.026723657,-0.065593215,0
0.030144313,0.065225018,-0.032823368,-0.067832813,0
0.030384504,0.06922031,-0.030524081,-0.070296841,0
0.04183031,0.067273041,-0.029219122,-0.074878847,0
0.041294869,0.05483631,0.041866849,-0.080717817,0
0.050079821,0.058420814,0.029469287,-0.078256987,0
0.038144293,0.065888375,0.040230242,-0.090085445,0
0.058615115,0.065514575,0.032884391,-0.089814455,0
0.051287793,0.060374108,0.039055843,-0.082443688,0
0.05922954,0.055174075,0.040830714,-0.083245063,0
0.053984836,0.047383868,0.029556759,-0.082174575,0
0.051050972,0.052728186,0.03184325,-0.086018701,0
0.058503383,0.055101839,0.041255003,-0.083852618,0
0.037855013,0.065820528,0.041104835,-0.087932666,0
0.030873567,0.05185366,0.0333674,-0.089389624,0
0.02378574,0.048267023,0.01519854,-0.106641614,0
0.028656674,0.060431903,0.00855083,-0.100696509,0
0.025975544,0.057735596,0.020349842,-0.10040994,0
0.030873567,0.05185366,0.0333674,-0.089389624,0
0.02929527,0.063493339,0.019368294,-0.086443974,0
0.026383838,0.053979903,0.018098938,-0.087905091,0
0.030453619,0.052294921,0.033074214,-0.089202011,0
0.030534682,0.080547365,0.038093536,-0.092992517,0
0.010996793,0.065840848,0.010678137,-0.104662525,0
0.045472622,0.103962411,0.023655243,-0.069020251,0
0.041800073,0.08905746,0.024902959,-0.066299356,0
0.036838905,0.100894072,0.022930784,-0.072361356,0
0.03957188,0.091110613,0.021870715,-0.067239883,0
0.039100696,0.100431782,0.022360477,-0.070526077,0
0.063843375,0.113035422,0.028811422,-0.052426946,0
0.037366119,0.098070279,0.025755548,-0.069059793,0
0.036524653,0.100825711,0.023182074,-0.07173725,0
0.038286034,0.100853653,0.022811216,-0.074403394,0
0.061913589,0.10974868,0.038844926,-0.058011466,0
0.016340727,0.072260283,0.014083632,-0.116338424,0
0.04709423,0.062928216,0.034689606,-0.084863558,0
0.091228598,0.108452669,0.063063024,-0.053890677,0
0.047066098,0.07773189,0.036269055,-0.083531145,0
0.060524773,0.066959526,0.030575707,-0.076894294,0
0.030246813,0.102984017,0.008983979,-0.074944222,0
0.061298693,0.067700521,0.031941594,-0.076027531,0
0.041262704,0.082541204,0.023095398,-0.078455067,0
0.065409505,0.074506622,0.034857053,-0.080455932,0
0.04849794,0.076969128,0.035001366,-0.075745109,0
0.062656519,0.082771417,0.041068791,-0.092218581,0
0.060921845,0.079723144,0.05410915,-0.095707303,0
0.059314809,0.083796406,0.054878728,-0.094063739,0
0.060360242,0.085535972,0.049479966,-0.060346056,0
0.063767483,0.082725971,0.04986126,-0.091658943,0
0.06094078,0.084360857,0.052546609,-0.094697443,0
0.063315516,0.086263294,0.054023716,-0.093176648,0
0.063139959,0.085925733,0.053640583,-0.094281957,0
0.062816893,0.085769254,0.053700544,-0.093284415,0
0.064460809,0.088390188,0.047311104,-0.096437946,0
0.039571385,0.074565389,0.028100812,-0.055648821,0
0.034856096,0.062873265,0.038951961,-0.065679839,0
0.033407839,0.060327936,0.031100553,-0.058695768,0
0.035251956,0.050823347,0.035944552,-0.055606768,0
0.035251956,0.050823347,0.035944552,-0.055606768,0
0.032931385,0.060512213,0.03793533,-0.068167172,0
0.03841525,0.061834083,0.037041572,-0.052702381,0
0.025704552,0.063127513,0.031541807,-0.067304571,0
0.020766056,0.054170858,0.030568649,-0.056880905,0
0.027947826,0.073449287,0.020403467,-0.071531291,0
0.040076969,0.087672611,0.035585342,-0.09123961,0
0.025153465,0.07170911,0.02039448,-0.073191789,0
0.039017507,0.091158927,0.032187082,-0.091806334,0
0.020134135,0.077848324,0.019407397,-0.099516998,0
0.042988146,0.076853404,0.015371333,-0.091622619,0
0.030810363,0.065392481,0.037275304,-0.089046288,0
0.06504753,0.072788369,0.04742089,-0.061154838,0
0.039358452,0.062572929,0.029767702,-0.068217139,0
0.026995198,0.073689642,0.028769662,-0.100531326,0
0.022686368,0.076226861,0.015107846,-0.075574793,0
0.039591044,0.056951598,0.040811133,-0.114266194,0
0.034387108,0.068780837,0.038763424,-0.111908497,0
0.036905917,0.063125332,0.038823698,-0.102354614,0
0.038732045,0.070498158,0.036351138,-0.094595382,0
0.036059707,0.058832178,0.037467481,-0.11021577,0
0.036059707,0.058832178,0.037467481,-0.11021577,0
0.036746154,0.067475506,0.052306074,-0.083118426,0
0.03505032,0.07798739,0.05192691,-0.105623919,0
0.048196146,0.058830432,0.036189799,-0.094663317,0
0.037783132,0.063891954,0.039940325,-0.101105207,0
0.042736273,0.072643954,0.011006416,-0.073907438,0
0.050264053,0.067539845,0.009021652,-0.073011437,0
0.048052158,0.074981482,0.013149921,-0.072034733,0
0.044042335,0.084384186,0.008702247,-0.085058685,0
0.050078491,0.068468519,0.008661152,-0.07284711,0
0.041286723,0.084236817,0.005972292,-0.072929276,0
0.037515865,0.071035993,0.009500244,-0.079522251,0
0.050264053,0.067539845,0.009021652,-0.073011437,0
0.039362983,0.066584986,0.007969495,-0.068534238,0
0.05261043,0.077608666,0.000869079,-0.086694634,0
0.037192611,0.099735794,0.027000894,-0.050454419,0
0.045074434,0.092476291,0.025761746,-0.062845563,0
0.059059524,0.07738978,0.045581815,-0.056233894,0
0.065727504,0.093072595,0.04243262,-0.03703297,0
0.03718268,0.085775516,0.031454903,-0.071641644,0
0.046113669,0.089921804,0.029744529,-0.045192695,0
0.048431573,0.088288988,0.034373468,-0.070539585,0
0.044525428,0.07654422,0.026644752,-0.098647183,0
0.070962316,0.069580259,0.040103521,-0.044654063,0
0.043347898,0.091734436,0.025502091,-0.061840011,0
0.035167838,0.045175264,0.031556702,-0.097924334,0
0.035015889,0.047844204,0.033805779,-0.095312948,0
0.033031752,0.040629983,0.032318907,-0.095249294,0
0.032903632,0.046914196,0.028607144,-0.096171908,0
0.03236838,0.041066786,0.024552639,-0.102348076,0
0.032484367,0.036941398,0.035214371,-0.092132483,0
0.030245623,0.040721807,0.032785657,-0.098207886,0
0.037946502,0.04739031,0.031317301,-0.087203906,0
0.032903632,0.046914196,0.028607144,-0.096171908,0
0.028889187,0.03872779,0.031906187,-0.099284199,0
0.045488314,0.057473647,0.036465874,-0.082737947,0
0.035197454,0.066224716,0.043401332,-0.091354534,0
0.0589463,0.07726677,0.03610894,-0.099832685,0
0.042794944,0.07402266,0.043375959,-0.097117132,0
0.046760336,0.062599005,0.053203326,-0.094601999,0
0.059016563,0.108657739,0.052857163,-0.093023678,0
0.046983256,0.058344467,0.043665444,-0.093900798,0
0.047282491,0.071556645,0.057158749,-0.104451257,0
0.0532759,0.054464102,0.035831806,-0.100512433,0
0.036578544,0.072733208,0.039818832,-0.08877327,0
0.030343595,0.066673099,0.021616231,-0.084608281,0
0.045178819,0.078874575,0.025027163,-0.09159483,0
0.030371775,0.092581514,0.004733932,-0.085869007,0
0.04223721,0.072515604,0.038333967,-0.086144298,0
0.043275968,0.078431161,0.020559766,-0.097334053,0
0.042340494,0.079281575,0.047401472,-0.071471031,0
0.038811602,0.071942089,0.01970618,-0.091125212,0
0.033179683,0.071457353,0.02018761,-0.094541537,0
0.034632107,0.072577945,0.019812768,-0.083552296,0
0.037331879,0.089507309,0.012804459,-0.083543113,0
0.043763305,0.076276368,0.027940302,-0.045037807,0
0.041967108,0.079535938,0.031381827,-0.049833319,0
0.042615384,0.080465039,0.021130504,-0.029615127,0
0.026316144,0.057401483,0.024319544,-0.021651982,0
0.023861638,0.063146979,0.022444839,-0.02599112,0
0.044618369,0.074541751,0.027724985,-0.022592733,0
0.04335214,0.073168696,0.034932419,-0.058785486,0
0.050541639,0.096078303,0.03253505,-0.054922386,0
0.025603192,0.060545898,0.020887575,-0.02126831,0
0.05997474,0.059766585,0.041632885,-0.040511365,0
0.037447207,0.074526178,0.020536696,-0.115764461,0
0.043832728,0.071166024,0.040513287,-0.094807956,0
0.040560836,0.082026851,0.040793235,-0.108128018,0
0.042047132,0.084178832,0.04177012,-0.105857119,0
0.051212273,0.057682417,0.042492904,-0.12394999,0
0.012890041,0.073862821,0.037738464,-0.090706116,0
0.048571447,0.066286635,0.039528292,-0.114224923,0
0.03595363,0.076426225,0.03645662,-0.109665342,0
0.020008866,0.07708732,0.03962641,-0.10000176,0
0.047304954,0.065054846,0.047485701,-0.105458724,0
0.038602045,0.064732942,0.042894593,-0.117177438,0
0.056075371,0.084333974,0.040103512,-0.089359037,0
0.046517765,0.100576407,0.021407738,-0.082529002,0
0.043990696,0.093842357,0.012615582,-0.077606836,0
0.047596175,0.082560997,0.014067055,-0.103574547,0
0.035116444,0.078018959,0.015576549,-0.074360191,0
0.051641448,0.068018908,0.036406965,-0.085906553,0
0.058710391,0.095623587,0.022186157,-0.079931778,0
0.070664239,0.096722701,0.021615425,-0.074769097,0
0.047392547,0.09365981,0.020640112,-0.087087018,0
0.024590965,0.081656149,0.019343664,-0.082963682,0
0.051404821,0.074352635,0.053886272,-0.048031413,0
0.051404821,0.074352635,0.053886272,-0.048031413,0
0.049825628,0.060599354,0.056136484,-0.043327307,0
0.051404821,0.074352635,0.053886272,-0.048031413,0
0.054164106,0.072084812,0.051544953,-0.042638864,0
0.051404821,0.074352635,0.053886272,-0.048031413,0
0.039063167,0.057305843,0.061357431,-0.077789403,0
0.051404821,0.074352635,0.053886272,-0.048031413,0
0.051404821,0.074352635,0.053886272,-0.048031413,0
0.040674548,0.06094774,0.059948615,-0.079239957,0
0.032195789,0.062332637,0.007672939,-0.0889993,0
0.038435565,0.065376558,0.020828448,-0.085625301,0
0.045877197,0.07109611,0.026490786,-0.096117933,0
0.035743733,0.063800762,0.025048125,-0.08726763,0
0.031215262,0.066146803,0.01281229,-0.095271685,0
0.039560762,0.064004521,0.018942415,-0.082558526,0
0.038238431,0.062937125,0.014715084,-0.096885401,0
0.04533959,0.069979975,0.026057466,-0.097734423,0
0.038435565,0.065376558,0.020828448,-0.085625301,0
0.033963362,0.063783203,0.014110717,-0.096905649,0
0.044047484,0.097062585,0.043908236,-0.12417181,0
0.048422803,0.09678349,0.04191614,-0.133081599,0
0.035002625,0.092222435,0.046207557,-0.122148654,0
0.047012215,0.101015335,0.040387788,-0.12764993,0
0.032819813,0.092566043,0.044347889,-0.11589699,0
0.037336137,0.088658579,0.045333551,-0.122056565,0
0.046861485,0.098331082,0.047251462,-0.134522105,0
0.048422803,0.09678349,0.04191614,-0.133081599,0
0.048422803,0.09678349,0.04191614,-0.133081599,0
0.048422803,0.09678349,0.04191614,-0.133081599,0
0.073321149,0.065634673,0.036467686,-0.063591799,0
0.043376146,0.066319627,0.001272952,-0.064450119,0
0.047397722,0.068544755,0.002247719,-0.071840453,0
0.044902508,0.068455236,-0.005689511,-0.075557655,0
0.037508147,0.06252114,-0.004510867,-0.065221721,0
0.037508147,0.06252114,-0.004510867,-0.065221721,0
0.036343719,0.061841845,-0.006493496,-0.064539462,0
0.037756075,0.072487876,-0.005045812,-0.069243674,0
0.033505069,0.070299682,-0.004367222,-0.073552699,0
0.03640014,0.059379138,-0.005794537,-0.069818724,0
0.008851996,0.104664685,0.016555518,-0.118026111,0
-0.000706977,0.105228172,0.016661506,-0.116739472,0
0.000184377,0.108694159,0.011675457,-0.118735444,0
0.005294222,0.106875704,0.011570605,-0.118526107,0
-0.001718479,0.105813467,0.013289166,-0.117068666,0
0.003620152,0.102367646,0.009876425,-0.114653211,0
-0.001301773,0.105903325,0.01304509,-0.118719305,0
-0.003053515,0.098476574,0.014875632,-0.112628245,0
0.003798213,0.102500064,0.016222943,-0.11940713,0
3.86E-05,0.106266329,0.008371045,-0.118872981,0
0.054723896,0.057027444,0.024048786,-0.079165055,0
0.047071113,0.064990679,0.028479329,-0.061502779,0
0.037661081,0.086930767,0.01387396,-0.11090823,0
0.045004837,0.07513039,0.028414775,-0.084134151,0
0.043620453,0.07457067,0.018250772,-0.11435132,0
0.043273054,0.084770947,0.032994242,-0.091194471,0
0.049480328,0.059736114,0.029462704,-0.086596332,0
0.036639799,0.070782411,-0.006042643,-0.100829344,0
0.046504315,0.073916107,0.013692071,-0.094935019,0
0.039171111,0.09920015,0.019715102,-0.097682964,0
0.028054111,0.069301783,0.014620636,-0.086591495,0
0.037200893,0.056764329,0.014091609,-0.07970726,0
0.034941058,0.066293697,0.007987897,-0.078299304,0
0.034765943,0.069950556,0.010046742,-0.080539882,0
0.03572015,0.058899653,0.009500672,-0.077834459,0
0.03495637,0.068312251,0.00799095,-0.081226031,0
0.034941058,0.066293697,0.007987897,-0.078299304,0
0.034157041,0.066724874,0.008687355,-0.078433469,0
0.03572015,0.058899653,0.009500672,-0.077834459,0
0.036239564,0.070986214,0.013610492,-0.078497759,0
0.040119475,0.056258495,0.072669115,-0.107380814,0
0.085908909,0.105156556,0.099703062,-0.083490152,0
0.041366385,0.074376225,0.032995525,-0.068809861,0
0.056097513,0.102807435,0.038060338,-0.071762614,0
0.06341896,0.054777453,0.064208006,-0.094277307,0
0.043973832,0.078762578,0.026129036,-0.077043181,0
0.043793726,0.077208763,0.019831219,-0.0577577,0
0.052915325,0.075491615,0.024326223,-0.073837641,0
0.086455495,0.112447253,0.095957684,-0.084028349,0
0.044659819,0.081101968,0.024612819,-0.073492963,0
0.033340806,0.084286439,0.034184956,-0.067849015,0
0.043033218,0.089356357,0.039726567,-0.066340953,0
0.037923447,0.088451071,0.031605511,-0.067265754,0
0.040864434,0.080511257,0.036872995,-0.067857529,0
0.08517752,0.061781112,0.094780652,-0.015854065,0
0.048559357,0.074238732,0.045490788,-0.049920352,0
0.039023353,0.091667298,0.023037386,-0.047757445,0
0.043743083,0.091326138,0.043833008,-0.068576489,0
0.043436944,0.099230273,0.024980281,-0.067178476,0
0.043250011,0.08642602,0.018377043,-0.059719074,0
0.043776524,0.078811059,0.045277916,-0.108912595,0
0.045482292,0.0777739,0.047341923,-0.110487995,0
0.045482292,0.0777739,0.047341923,-0.110487995,0
0.053644561,0.090098364,0.048132219,-0.10959954,0
0.054562109,0.091079583,0.048504123,-0.109153574,0
0.043776524,0.078811059,0.045277916,-0.108912595,0
0.052952446,0.089994168,0.047186973,-0.109113545,0
0.045234253,0.077808696,0.047264502,-0.110462755,0
0.053916044,0.090069867,0.048214097,-0.109626511,0
0.045482292,0.0777739,0.047341923,-0.110487995,0
0.043869379,0.072805681,0.037234617,-0.100581474,0
0.053084362,0.073105471,0.040805092,-0.09613807,0
0.055399,0.073834534,0.040521144,-0.087519807,0
0.044488632,0.077534461,0.023317907,-0.082167849,0
0.059148001,0.068942609,0.039510465,-0.09840436,0
0.059148001,0.068942609,0.039510465,-0.09840436,0
0.076015583,0.092101627,0.066377127,-0.07089798,0
0.051993619,0.073301732,0.037023954,-0.096166914,0
0.043804785,0.075237758,0.033515056,-0.092952821,0
0.059148001,0.068942609,0.039510465,-0.09840436,0
0.04874368,0.059641748,0.026985702,-0.105021259,0
0.049346512,0.019945238,0.0500754,-0.132365493,0
0.045997801,0.06098892,0.023583896,-0.097048071,0
0.051230447,0.07783802,0.020567167,-0.110383879,0
0.045553994,0.055046359,0.025240666,-0.099507186,0
0.04808715,0.060618932,0.024868274,-0.102622041,0
0.037025425,0.054271283,0.027281051,-0.096675195,0
0.042673596,0.060463117,0.028677475,-0.101852918,0
0.054214961,0.06008415,0.02819375,-0.104450441,0
0.050550637,0.065821946,0.018967427,-0.117222505,0
0.032469605,0.058874844,0.035417707,-0.070094723,0
0.031214591,0.049504205,0.02360417,-0.079838869,0
0.033455962,0.043174184,0.029922172,-0.072542657,0
0.034232925,0.064552446,0.038386181,-0.075190803,0
0.026324857,0.067772977,0.015304204,-0.077386296,0
0.015101905,0.049140572,0.023320103,-0.074310637,0
0.012636998,0.051283483,0.033342466,-0.093381057,0
0.04295288,0.067702769,0.030706788,-0.07154091,0
0.036121389,0.062794029,0.035647086,-0.066265788,0
0.035032898,0.053787018,0.034578074,-0.082660016,0
0.040529709,0.072749945,0.024233998,-0.071149985,0
0.03179093,0.081030206,0.014723292,-0.085553383,0
0.026678222,0.082418729,0.006921745,-0.081874882,0
0.030883027,0.086238069,0.009976259,-0.076297944,0
0.026331408,0.085386234,0.006132184,-0.082421332,0
0.035242427,0.072999791,0.027462911,-0.071457221,0
0.024797116,0.085095137,0.011398607,-0.090383741,0
0.031217624,0.081606314,0.011330737,-0.078762113,0
0.039467972,0.061484756,0.035068386,-0.069203091,0
0.026133854,0.084599725,0.006510976,-0.082663725,0
0.057402007,0.0828723,0.03988617,-0.09773696,0
