-0.069748163,-0.097293084,0.074913021,-0.02796725,1
-0.080770749,-0.103185403,0.072945546,-0.030751869,1
-0.09254385,-0.097138667,0.066856728,-0.025671667,1
-0.090500869,-0.104820521,0.05670541,-0.028364697,1
-0.090191689,-0.091347097,0.059536689,-0.018722557,1
-0.090566215,-0.096605969,0.067000392,-0.028288789,1
-0.079213234,-0.082694959,0.066955428,-0.0221653,1
-0.085102226,-0.103535528,0.069013711,-0.030560912,1
-0.076305217,-0.098987664,0.074842912,-0.029633142,1
-0.085263404,-0.092495736,0.070446818,-0.029282623,1
-0.083068435,-0.08458098,0.068629086,0.002795605,1
-0.058056777,-0.109216797,0.093938223,-0.011864384,1
-0.081927071,-0.101267125,0.076861196,-0.019756174,1
-0.081870125,-0.076408662,0.034917804,-0.007517458,1
-0.081257375,-0.09194892,0.069702967,-0.007223277,1
-0.072940758,-0.084700602,0.072639175,-5.94E-05,1
-0.084041111,-0.069130704,0.076685751,0.014431822,1
-0.073371283,-0.068614664,0.056427561,0.001344247,1
-0.083068435,-0.08458098,0.068629086,0.002795605,1
-0.082764193,-0.074972008,0.061926326,0.005337136,1
-0.0826621,-0.062148034,0.082659191,0.034517959,1
-0.082158701,-0.070278598,0.097115143,0.040610874,1
-0.081210536,-0.076393187,0.091234379,0.02204097,1
-0.078912296,-0.074617171,0.093122634,0.024114455,1
-0.080409788,-0.056575935,0.085717708,0.027788833,1
-0.086830218,-0.061901609,0.103740302,0.028871219,1
-0.082511312,-0.068936126,0.094475302,0.045003152,1
-0.081210536,-0.076393187,0.091234379,0.02204097,1
-0.079050265,-0.074453135,0.092754653,0.022741686,1
-0.068149705,-0.074723302,0.114316451,0.042335936,1
-0.097809186,-0.072513532,0.089255269,0.027608616,1
-0.09552957,-0.0377038,0.077911333,0.029925872,1
-0.103448187,-0.070939293,0.088320137,0.049221146,1
-0.085007959,-0.044627329,0.086405351,0.03175868,1
-0.099506312,-0.074303232,0.092375688,0.025282809,1
-0.104610111,-0.079254016,0.094574877,0.018757162,1
-0.097626831,-0.075022166,0.093676477,0.034019347,1
-0.096122978,-0.072860264,0.093272159,0.025638547,1
-0.103049938,-0.079272437,0.087681586,0.018888402,1
-0.104610111,-0.079254016,0.094574877,0.018757162,1
-0.10591462,-0.060558049,0.100216431,0.019716244,1
-0.11168032,-0.045574493,0.099971084,0.032602747,1
-0.115020011,-0.065235878,0.093143669,0.001516056,1
-0.103365299,-0.063695909,0.106365931,0.023639312,1
-0.100086791,-0.067212501,0.105038612,0.004212823,1
-0.099202098,-0.063492435,0.098610742,0.01692814,1
-0.108527286,-0.076295857,0.096498748,0.010292457,1
-0.104704594,-0.027249457,0.098189106,0.028673069,1
-0.097050888,-0.048319445,0.099858602,0.01980334,1
-0.105923281,-0.077562071,0.10473279,0.019553696,1
-0.088147545,-0.097550428,0.0890012,-0.027165512,1
-0.081231375,-0.079572949,0.092584243,-0.017539035,1
-0.092375543,-0.103832097,0.085173926,-0.032809806,1
-0.08487152,-0.103511175,0.089490071,-0.029467274,1
-0.099934421,-0.10327963,0.092426761,-0.034579153,1
-0.091946219,-0.089413021,0.089345282,-0.028466708,1
-0.090556881,-0.089487913,0.084463327,-0.031631558,1
-0.088600607,-0.093890907,0.088209546,-0.025910561,1
-0.091599688,-0.085015623,0.089698758,-0.013107997,1
-0.09076016,-0.093272684,0.082805496,-0.052100007,1
-0.093806194,-0.088676378,0.078430649,-0.031857488,1
-0.092302054,-0.109183814,0.074210671,-0.044426937,1
-0.100923433,-0.080193345,0.064227954,-0.038908907,1
-0.088192116,-0.087261098,0.071954441,-0.032141221,1
-0.089358994,-0.078895854,0.073194193,-0.029230799,1
-0.092781369,-0.093631727,0.072507749,-0.042689147,1
-0.089573651,-0.087244746,0.076996573,-0.031413602,1
-0.097343583,-0.093546996,0.065703572,-0.044864339,1
-0.088702849,-0.088239508,0.077331885,-0.035144545,1
-0.093350352,-0.089611902,0.06885621,-0.046561161,1
-0.063378586,-0.058317918,0.090581301,-0.006565402,1
-0.068656934,-0.051358133,0.0873594,0.005747944,1
-0.071829121,-0.052074098,0.078838699,-0.009789564,1
-0.073318895,-0.067707233,0.090888184,-0.013932952,1
-0.080252449,-0.051055524,0.089298135,0.010171984,1
-0.079405606,-0.061768813,0.09108804,0.003161787,1
-0.082286039,-0.060221189,0.087234294,0.001950646,1
-0.082535358,-0.06060375,0.086737792,0.001876617,1
-0.070013532,-0.056468254,0.083922721,-0.009378904,1
-0.074704887,-0.047151692,0.085137852,-0.002657607,1
-0.059948264,-0.061070401,0.102845045,0.001303744,1
-0.059307004,-0.074948836,0.099057132,-0.010307714,1
-0.063569144,-0.063155267,0.104498205,-0.000263065,1
-0.059570815,-0.055095013,0.100844536,0.006962086,1
-0.055030006,-0.056168046,0.107586579,-0.012196255,1
-0.065078094,-0.059528528,0.092319246,-0.009756766,1
-0.059717161,-0.05880788,0.095887405,2.18E-06,1
-0.065302667,-0.058852643,0.09198879,-0.00932057,1
-0.075081634,-0.042740179,0.081202768,0.009352993,1
-0.056345231,-0.071236134,0.103238462,0.001775341,1
-0.08810825,-0.079569153,0.069163086,0.005368347,1
-0.099730701,-0.086933524,0.093572527,-0.011270194,1
-0.107735621,-0.088107671,0.091363166,-0.008996803,1
-0.11469828,-0.086558523,0.090031818,-0.003754566,1
-0.098147624,-0.080518459,0.092898581,-0.004410849,1
-0.117873283,-0.082824953,0.070688318,0.003918263,1
-0.107735621,-0.088107671,0.091363166,-0.008996803,1
-0.093880198,-0.061880248,0.089992121,-0.00738772,1
-0.105943098,-0.075374523,0.087649436,-0.014407278,1
-0.099730701,-0.086933524,0.093572527,-0.011270194,1
-0.072584696,-0.07054044,0.095810439,-0.02615894,1
-0.063393125,-0.069364079,0.094322656,-0.022322137,1
-0.071408641,-0.065784218,0.097209481,-0.024493554,1
-0.0735941,-0.040529001,0.098301537,-0.007185621,1
-0.06589218,-0.0628476,0.098865165,-0.015163463,1
-0.071202675,-0.056453654,0.09704814,-0.015947259,1
-0.0676457,-0.063268641,0.101921178,-0.02535134,1
-0.069902057,-0.074602931,0.109128585,-0.027183962,1
-0.064321221,-0.077196524,0.099826433,-0.036280271,1
-0.077833574,-0.065609547,0.102419655,-0.024247045,1
-0.089264053,-0.09164733,0.089860186,-0.012202968,1
-0.08017411,-0.108239845,0.07370281,-0.023320789,1
-0.096064412,-0.127965331,0.083977638,-0.038812361,1
-0.065078585,-0.052475296,0.094728465,-0.032324127,1
-0.084539757,-0.076881145,0.097602047,-0.015180068,1
-0.086445448,-0.094311571,0.092367391,-0.018639767,1
-0.097679328,-0.094662922,0.088486636,-0.006963879,1
-0.083658112,-0.094115114,0.102968594,-0.018391429,1
-0.083350231,-0.065310656,0.094221435,-0.009586821,1
-0.093549233,-0.098955406,0.095077323,-0.016952454,1
-0.063538746,-0.088882381,0.11006211,-0.006752715,1
-0.062220567,-0.068215175,0.120435756,-0.001058959,1
-0.049252079,-0.089649248,0.11566652,-0.016223602,1
-0.06056226,-0.072562497,0.119475043,-0.004371051,1
-0.058339642,-0.088282979,0.124288349,-0.022710113,1
-0.061161912,-0.077976727,0.111087996,-0.008219519,1
-0.063338961,-0.087528859,0.121480632,-0.034192004,1
-0.057563777,-0.088154817,0.12554638,-0.02355681,1
-0.054138526,-0.094768327,0.116906368,-0.020703573,1
-0.050252564,-0.087111365,0.113291877,-0.014417581,1
-0.090287204,-0.097213024,0.111690953,0.00240948,1
-0.098385712,-0.075870388,0.134458482,-0.034131405,1
-0.102200949,-0.100618346,0.124347014,-0.020347377,1
-0.077600417,-0.067574147,0.114717499,-0.017677422,1
-0.077600417,-0.067574147,0.114717499,-0.017677422,1
-0.093388772,-0.088916171,0.11605362,-0.013114325,1
-0.097412273,-0.091594684,0.118286768,-0.010518666,1
-0.082461935,-0.066736744,0.117908224,-0.014634967,1
-0.097277771,-0.090889775,0.115343656,-0.012249701,1
-0.080594155,-0.074886714,0.120349816,-0.012603971,1
-0.099432514,-0.108933284,0.125556622,-0.014706971,1
-0.100677391,-0.090032366,0.117527055,-0.004880586,1
-0.094021719,-0.092679055,0.127502729,-0.008041251,1
-0.097154583,-0.093928435,0.125478273,-0.00636692,1
-0.102565892,-0.093003989,0.118495151,-0.005240244,1
-0.100566632,-0.091166227,0.118590113,-0.007566387,1
-0.101670968,-0.090695345,0.117546566,-0.005558042,1
-0.101099684,-0.090895823,0.121067179,-0.002758118,1
-0.090786491,-0.089787533,0.12664393,-0.006165208,1
-0.100677391,-0.090032366,0.117527055,-0.004880586,1
-0.082601649,-0.070610678,0.102035714,-0.013487731,1
-0.085464969,-0.079817406,0.096372126,-0.021855475,1
-0.077416033,-0.079111739,0.101466984,-0.022237494,1
-0.082151261,-0.07083168,0.094827793,-0.01664383,1
-0.081743919,-0.076834127,0.100925289,-0.018773633,1
-0.088261177,-0.085049575,0.103438126,-0.02352133,1
-0.078828153,-0.079192407,0.101939008,-0.02369703,1
-0.088040688,-0.086359636,0.091655167,-0.024912246,1
-0.081124472,-0.07993183,0.099312871,-0.020929968,1
-0.087318198,-0.080454484,0.100860796,-0.02989004,1
-0.063212593,-0.056008268,0.101974111,-0.011933711,1
-0.064995656,-0.076409942,0.093837232,-0.002725062,1
-0.055364771,-0.047577023,0.096937128,-0.003555918,1
-0.069140898,-0.073399958,0.090600671,0.001214587,1
-0.076457301,-0.068797317,0.07244547,0.004008712,1
-0.064018026,-0.061302316,0.091083083,-0.010460409,1
-0.062976033,-0.062060047,0.103573681,-0.004438343,1
-0.08409282,-0.071642452,0.079890799,-0.00040352,1
-0.052883312,-0.039790463,0.10762057,-0.010470866,1
-0.079627083,-0.059748061,0.060725261,0.010158994,1
-0.093065643,-0.072089008,0.095644755,-0.022206486,1
-0.090819251,-0.045822154,0.080836352,-0.016337558,1
-0.088680495,-0.054491029,0.100164048,-0.010303667,1
-0.082266638,-0.073264212,0.095795236,-0.019234671,1
-0.093878669,-0.067174396,0.098863014,-0.021286252,1
-0.082266638,-0.073264212,0.095795236,-0.019234671,1
-0.085009928,-0.052799219,0.107329295,-0.012851947,1
-0.079762689,-0.073467649,0.093811211,-0.016041088,1
-0.099672652,-0.056318376,0.099701215,-0.031149553,1
-0.09506384,-0.049298887,0.0822257,-0.014723846,1
-0.096450063,-0.097133898,0.071159124,-0.020120451,1
-0.078736855,-0.104063659,0.083386175,-0.026221548,1
-0.09253186,-0.090275871,0.081474604,-0.019000225,1
-0.089947711,-0.102185497,0.078605024,-0.02551781,1
-0.087736128,-0.094854068,0.084845541,-0.027122013,1
-0.099690167,-0.111511573,0.086597128,-0.029265333,1
-0.08996115,-0.088217463,0.081411953,-0.017285588,1
-0.101245495,-0.113214879,0.068692305,-0.019858629,1
-0.091953836,-0.109793581,0.08472323,-0.020655503,1
-0.096304523,-0.100579267,0.083676436,-0.02611986,1
-0.088581286,-0.053087442,0.046074606,0.046612129,1
-0.077987181,-0.053416283,0.063064814,0.042128525,1
-0.096982394,-0.047993456,0.058420611,0.020540012,1
-0.081759465,-0.066933801,0.07344556,0.025850649,1
-0.072456835,-0.066002444,0.066790046,0.022904773,1
-0.091312738,-0.052141867,0.050719318,0.011701299,1
-0.0880471,-0.076141734,0.057090508,0.040623558,1
-0.088461685,-0.046244735,0.056617747,0.025073777,1
-0.061793275,-0.044448511,0.079392939,0.02425276,1
-0.085376565,-0.043617222,0.045106109,0.033633461,1
-0.101837659,-0.035850783,0.0909917,0.032989551,1
-0.11102337,-0.030985221,0.097350733,0.026786022,1
-0.097956816,-0.045740636,0.107406972,-0.00811341,1
-0.090578126,-0.040226218,0.111550967,0.016075617,1
-0.096357354,-0.034374158,0.093195772,0.001149767,1
-0.105693878,-0.057994012,0.106623223,0.001535673,1
-0.096126411,-0.019451707,0.093567106,0.03606317,1
-0.100963172,-0.048447769,0.081555533,-0.007230849,1
-0.09666328,-0.035731638,0.090673935,0.015897686,1
-0.094448358,-0.040902305,0.112856055,-0.004597553,1
-0.034789544,-0.060410291,0.119566557,0.000145622,1
-0.038765043,-0.066969398,0.103623727,0.002643207,1
-0.044722986,-0.058221828,0.10887517,0.001691199,1
-0.039339743,-0.055465168,0.106949695,0.008333135,1
-0.037152475,-0.056500116,0.113456166,-0.002071976,1
-0.03994089,-0.073101635,0.120011894,0.001399532,1
-0.041245765,-0.057472752,0.10526779,0.000536301,1
-0.041780381,-0.066333063,0.112969898,0.003696603,1
-0.045771249,-0.069391295,0.109768108,-0.025909323,1
-0.036353778,-0.058993061,0.109427536,0.006995139,1
-0.074291664,-0.063441427,0.112524681,-0.00837374,1
-0.077514596,-0.057837781,0.107583922,0.019629582,1
-0.080366669,-0.070176818,0.108014762,0.018236961,1
-0.077398899,-0.08618154,0.140215089,0.002574604,1
-0.072518487,-0.089300614,0.140087567,-0.004802136,1
-0.055564479,-0.089583166,0.126685531,0.01180258,1
-0.078164495,-0.055825678,0.108968925,0.023176678,1
-0.1016454,-0.09149444,0.104998858,0.005227206,1
-0.072045766,-0.087456122,0.137791514,-0.003968198,1
-0.074348605,-0.070378466,0.117074996,0.022182535,1
-0.044606729,-0.055092357,0.087419019,0.025277314,1
-0.045171942,-0.056218563,0.086688044,0.023281438,1
-0.051063327,-0.062438983,0.077597223,0.022136732,1
-0.043880731,-0.053452522,0.086433844,0.024246892,1
-0.043508297,-0.055856522,0.084973404,0.028961242,1
-0.064106572,-0.051774344,0.063939323,0.027831291,1
-0.04424598,-0.05485228,0.085385198,0.021617641,1
-0.055424642,-0.047169859,0.061810995,0.018510099,1
-0.077657392,-0.079833778,0.062764435,0.003832833,1
-0.067744612,-0.056906723,0.063674722,0.025058958,1
-0.15725902,-0.136475991,0.104973186,0.045952254,1
-0.163850063,-0.122121367,0.057133181,0.008514922,1
-0.188381791,-0.130567935,0.021647508,0.015048797,1
-0.187324711,-0.13584521,0.029324218,-0.001904059,1
-0.198456135,-0.128928125,0.036663004,-0.004710419,1
-0.21684541,-0.14140381,-0.007698351,0.017626969,1
-0.056062316,-0.074400808,0.105509158,0.009216513,1
-0.191979648,-0.123652809,0.035824195,-0.011824251,1
-0.05592411,-0.055657595,0.116361803,0.012665866,1
-0.187864209,-0.129881932,0.043893024,0.00336229,1
-0.074721356,-0.076117741,0.101130921,-0.008630427,1
-0.081086707,-0.069318777,0.09959674,-0.007174156,1
-0.073792412,-0.067566872,0.099050592,-0.00566256,1
-0.076380781,-0.074863336,0.095686254,-0.009166121,1
-0.080874294,-0.079933605,0.100205104,-0.017276305,1
-0.086492573,-0.080425107,0.099196534,-0.013389553,1
-0.07699584,-0.073280183,0.094924228,-0.008593173,1
-0.073661755,-0.062662431,0.098735008,-0.006254128,1
-0.07235625,-0.06515006,0.103942167,-0.004715687,1
-0.080726316,-0.074818159,0.100960815,0.000872048,1
-0.136279438,-0.092756035,0.070910073,-0.037778846,1
-0.115411872,-0.069635731,0.097107357,-0.030199986,1
-0.116803011,-0.075915054,0.086504137,-0.048298803,1
-0.119978557,-0.080656852,0.094875059,-0.041670426,1
-0.118454479,-0.075080314,0.088247468,-0.055109538,1
-0.135800425,-0.088848887,0.078235872,-0.038501242,1
-0.118733636,-0.087432806,0.088997846,-0.055196699,1
-0.129135601,-0.085860768,0.079044843,-0.044337042,1
-0.111173814,-0.061443508,0.090104001,-0.042113431,1
-0.11525198,-0.067913314,0.092935302,-0.048245975,1
-0.076417011,-0.094971434,0.097720312,-0.029924453,1
-0.070673113,-0.075920753,0.094803527,-0.036736251,1
-0.072150366,-0.080854524,0.09314822,-0.025993423,1
-0.072971672,-0.094852765,0.098694768,-0.03148296,1
-0.059289214,-0.074882774,0.089154653,-0.013230085,1
-0.086220367,-0.097212902,0.098942075,-0.035316705,1
-0.070203439,-0.071017496,0.083279427,-0.019904484,1
-0.071118945,-0.08454486,0.105259368,-0.036417255,1
-0.072127932,-0.083982594,0.103662547,-0.025870291,1
-0.069323532,-0.086107151,0.094191973,-0.026989551,1
-0.077961603,-0.04006031,0.076738164,-0.001331945,1
-0.072833077,-0.061300032,0.066216947,-0.00220278,1
-0.081186302,-0.045597982,0.0664202,-0.011971376,1
-0.080694576,-0.038184376,0.075588648,-0.011066079,1
-0.082631173,-0.03926611,0.065401676,-0.008764409,1
-0.07302384,-0.03469282,0.068052255,-0.002177053,1
-0.081935652,-0.03974437,0.066384539,-0.009206773,1
-0.076705623,-0.040801493,0.065958622,-0.008985595,1
-0.083440398,-0.041292042,0.065455758,-0.009166838,1
-0.081386009,-0.042407533,0.06870371,-0.016510013,1
-0.083472252,-0.093864587,0.088397091,-0.025579794,1
-0.078316984,-0.093875792,0.092623821,-0.025198046,1
-0.083296128,-0.094145712,0.088624953,-0.026418507,1
-0.090061707,-0.097775452,0.086271536,-0.026300322,1
-0.082967797,-0.095886343,0.088587407,-0.027482101,1
-0.08158254,-0.092856235,0.090616627,-0.024993299,1
-0.091271657,-0.09881349,0.086336603,-0.053551844,1
-0.080647861,-0.093676142,0.090261829,-0.026354853,1
-0.085237863,-0.097586864,0.09072562,-0.026509581,1
-0.084026534,-0.093038852,0.089468009,-0.023306928,1
-0.09541215,-0.083619584,0.090114871,0.022861079,1
-0.083025875,-0.048545606,0.076815336,0.013774511,1
-0.093456666,-0.041150521,0.078780601,0.009839737,1
-0.080104477,-0.059690795,0.084914079,0.011317838,1
-0.225787047,-0.147258759,-0.002502884,0.023151606,1
-0.089709916,-0.053286705,0.081070308,-0.016121805,1
-0.073120426,-0.043707666,0.080275706,0.00459692,1
-0.083271371,-0.065640704,0.089598755,-0.015473513,1
-0.098260746,-0.055139392,0.077604537,0.016898427,1
-0.078621494,-0.041306203,0.076402804,0.013155946,1
-0.101379014,-0.078900613,0.097547038,-0.006017332,1
-0.095195642,-0.072923291,0.097970555,-0.008309468,1
-0.100958694,-0.08560456,0.095517424,-0.017921945,1
-0.101379014,-0.078900613,0.097547038,-0.006017332,1
-0.093569523,-0.066740622,0.103915505,-0.01141274,1
-0.102154322,-0.082081568,0.096432492,-0.007438702,1
-0.09461653,-0.060241659,0.091569614,0.00451393,1
-0.091863265,-0.060618227,0.094848566,4.05E-05,1
-0.095084199,-0.058755554,0.094575813,0.004390672,1
-0.099271672,-0.078261225,0.087691002,-0.006205013,1
-0.053582595,-0.061223927,0.117748842,-0.006727695,1
-0.063658649,-0.066031766,0.113572341,0.015452714,1
-0.054812416,-0.047623766,0.118665057,0.035902106,1
-0.069753479,-0.044157281,0.113788677,0.014818884,1
-0.061179997,-0.04654542,0.117700664,0.027558455,1
-0.059676072,-0.069039593,0.124428685,0.019526644,1
-0.067681097,-0.045997698,0.120473913,0.016702284,1
-0.053799285,-0.060691625,0.114904552,0.017003852,1
-0.065874022,-0.045971271,0.121147848,0.020202417,1
-0.069611981,-0.050227666,0.117440097,0.013949298,1
-0.078564683,-0.072050618,0.105914596,-0.002089765,1
-0.081936073,-0.077233215,0.109607048,-0.002595041,1
-0.079746973,-0.084921423,0.110709637,-0.01560637,1
-0.078244537,-0.073712644,0.108998145,-0.000398675,1
-0.082770473,-0.061847708,0.100028477,0.003196694,1
-0.081449082,-0.074630316,0.100074611,-0.008832896,1
-0.081350074,-0.066991177,0.108152672,0.002768255,1
-0.077016528,-0.078155213,0.108374053,-0.010104656,1
-0.080206823,-0.080527807,0.106948119,-0.010645572,1
-0.078244537,-0.073712644,0.108998145,-0.000398675,1
-0.085476111,-0.084875773,0.072137734,0.01661882,1
-0.077282356,-0.082208408,0.087353995,0.008441351,1
-0.074166209,-0.075552944,0.075062236,0.005673987,1
-0.076900251,-0.064919108,0.065935455,0.022359915,1
-0.080179302,-0.070946907,0.078632895,0.006742961,1
-0.062900432,-0.071335789,0.077940404,0.024135464,1
-0.08724863,-0.083533551,0.078778273,0.007654606,1
-0.087023585,-0.077451774,0.07261049,0.021248457,1
-0.076135997,-0.086376158,0.094697271,0.009886987,1
-0.07371564,-0.074420403,0.086158825,0.014569179,1
-0.059832648,-0.063171168,0.103165237,-0.000763138,1
-0.068035952,-0.089497675,0.097543227,0.00066658,1
-0.070823276,-0.075481048,0.1071641,0.005740489,1
-0.070401122,-0.081733821,0.091392475,-0.015361475,1
-0.07700994,-0.084273601,0.102437952,-0.012246199,1
-0.073672129,-0.075103062,0.090375812,-0.010967983,1
-0.07410739,-0.069633689,0.091114813,0.004856287,1
-0.070200273,-0.060973959,0.09223464,-0.012764909,1
-0.061366729,-0.083129464,0.10582424,0.003117932,1
-0.072350398,-0.079520315,0.093803594,-0.024297823,1
-0.073272702,-0.041609426,0.087065712,0.034008993,1
-0.075886088,-0.030118352,0.07866406,0.042827961,1
-0.081162868,-0.063209656,0.089973154,0.034582976,1
-0.080975203,-0.036649482,0.065421479,0.039605381,1
-0.106577627,-0.069105598,0.099696507,0.018830793,1
-0.081678751,-0.038080508,0.066193043,0.038523315,1
-0.085767404,-0.058641895,0.072951351,0.034087886,1
-0.086818655,-0.053889968,0.085567964,0.03732305,1
-0.080073492,-0.036451098,0.068384488,0.038168612,1
-0.091739869,-0.061384516,0.067822847,0.030016501,1
-0.090532901,-0.060228781,0.112340854,0.019256477,1
-0.091240895,-0.073522897,0.089174283,0.001887288,1
-0.068365723,-0.071458915,0.137938858,-0.024489807,1
-0.055556853,-0.072032931,0.092630507,-0.003826593,1
-0.118893823,-0.069010056,0.105973296,0.004854127,1
-0.123651114,-0.082026233,0.060362675,0.017472508,1
-0.074168521,-0.085329698,0.101449252,-0.004714799,1
-0.080156264,-0.075955415,0.099834646,-0.022408282,1
-0.073363817,-0.058877424,0.127718188,-0.019083988,1
-0.070227599,-0.073402511,0.129357497,-0.022423941,1
-0.076957079,-0.039751195,0.113594555,0.033748249,1
-0.075570238,-0.021176525,0.090384081,0.024741607,1
-0.080853998,-0.058468344,0.104843352,0.016048908,1
-0.063242981,-0.0241584,0.117857264,0.012227748,1
-0.07312693,-0.050985128,0.116293991,0.034696387,1
-0.075168491,-0.042229594,0.114624229,0.019002018,1
-0.071791012,-0.028089522,0.096664261,0.015883582,1
-0.066014809,-0.024281787,0.112895057,0.019463791,1
-0.067136256,-0.019058677,0.111876425,0.044426681,1
-0.068521627,-0.03187552,0.113216721,0.027992708,1
-0.114938338,-0.054626636,0.102162994,-0.007124427,1
-0.128011943,-0.057122867,0.097958111,-0.000266301,1
-0.126313242,-0.052970756,0.113293049,-0.016489333,1
-0.122839508,-0.054558215,0.092977715,-0.002892068,1
-0.115412825,-0.041683734,0.105014363,-0.01110718,1
-0.116792701,-0.051070027,0.123365063,-0.016363204,1
-0.113936199,-0.070513112,0.109435321,-0.029335308,1
-0.116285066,-0.060031626,0.109357389,-0.038913422,1
-0.118619124,-0.04147691,0.091727219,-0.004149943,1
-0.122901114,-0.059840619,0.091808535,-0.028102664,1
-0.054960622,-0.062173796,0.086363003,-0.018274639,1
-0.040104227,-0.055685376,0.10376029,-0.004831221,1
-0.05704008,-0.062085216,0.082378323,-0.026446536,1
-0.054942521,-0.066406079,0.086644125,-0.020065381,1
-0.053115642,-0.057618403,0.1007282,-0.015728018,1
-0.052531981,-0.062189361,0.090698615,-0.02177125,1
-0.069509706,-0.063708106,0.075856555,-0.02049596,1
-0.058455854,-0.07363554,0.089019917,-0.024129694,1
-0.049745588,-0.058096551,0.10526386,-0.016430904,1
-0.05199962,-0.067075862,0.083136005,-0.022144866,1
-0.073425313,-0.052062117,0.134096413,-0.014245589,1
-0.076512752,-0.022021645,0.103563099,-0.007845544,1
-0.096257635,-0.047396681,0.077276079,0.000763866,1
-0.088679812,-0.022688639,0.112458166,-0.012401682,1
-0.087587029,-0.031955726,0.127816827,-0.01992231,1
-0.093056205,-0.028358538,0.142484357,-0.018776935,1
-0.095344043,-0.058555584,0.125419206,-0.015623514,1
-0.090770909,-0.048210906,0.110147633,-0.017041748,1
-0.081986711,-0.021204286,0.124201946,-0.026918191,1
-0.088992774,-0.036141606,0.121211296,-0.024690392,1
-0.089075991,-0.081534201,0.063814084,-0.022336102,1
-0.11604283,-0.07152315,0.059725,0.011522386,1
-0.073415258,-0.068928218,0.086420773,0.000193601,1
-0.074627717,-0.076943552,0.082865944,0.001044471,1
-0.06769354,-0.064044282,0.09863492,-0.00086815,1
-0.080580118,-0.070733049,0.090845786,0.009141912,1
-0.108548855,-0.10676067,0.072160571,0.006322184,1
-0.119919094,-0.114171006,0.045446118,-0.007940249,1
-0.083058505,-0.063808144,0.085180854,0.017536928,1
-0.083803251,-0.075963424,0.09573329,0.026564942,1
-0.029292931,-0.06081924,0.101231997,0.015492747,1
-0.04095323,-0.062825165,0.09739379,0.008526333,1
-0.034131315,-0.042251375,0.107056424,0.025698651,1
-0.042946996,-0.053782718,0.097194306,0.016118187,1
-0.039582191,-0.065933575,0.110820672,-0.00074616,1
-0.029668025,-0.048906927,0.111476293,0.019391029,1
-0.036331588,-0.055321553,0.094862459,0.016857691,1
-0.036436036,-0.06750589,0.106228808,0.010987285,1
-0.02423823,-0.060808975,0.107349853,0.019949422,1
-0.032659258,-0.055651218,0.107472523,0.02588762,1
-0.091243393,-0.081254037,0.087098324,0.048195151,1
-0.092105674,-0.082671411,0.10304721,0.056661632,1
-0.103853151,-0.069038969,0.090124615,0.05681181,1
-0.101904796,-0.083356497,0.103805153,0.061049548,1
-0.101058504,-0.085856396,0.101106436,0.046973388,1
-0.085191947,-0.088037106,0.121486932,0.05004787,1
-0.085308862,-0.083429158,0.111689195,0.049467337,1
-0.092361595,-0.089342403,0.103253465,0.046340621,1
-0.111877474,-0.102105797,0.114300039,0.034869076,1
-0.103221541,-0.092498299,0.097922777,0.047890371,1
-0.061011686,-0.068817583,0.106952339,-0.012730414,1
-0.064430938,-0.068052564,0.09335701,-0.010505667,1
-0.060553615,-0.070917572,0.118453635,-0.020357036,1
-0.064430938,-0.068052564,0.09335701,-0.010505667,1
-0.061744471,-0.069368031,0.097450755,-0.021711313,1
-0.065111068,-0.0757543,0.108741795,-0.021132952,1
-0.064430938,-0.068052564,0.09335701,-0.010505667,1
-0.062683644,-0.059563034,0.093035153,-0.009013679,1
-0.060139464,-0.065941867,0.097804749,-0.025451815,1
-0.064430938,-0.068052564,0.09335701,-0.010505667,1
-0.091843689,-0.063504157,0.090725536,0.05448456,1
-0.08395318,-0.062453612,0.098524796,0.048370631,1
-0.0903099,-0.072055961,0.098820209,0.042664651,1
-0.086391477,-0.075117606,0.093886274,0.045356545,1
-0.106847709,-0.085283914,0.093648571,0.061493157,1
-0.089124269,-0.068696282,0.097353916,0.049871979,1
-0.090700263,-0.075212409,0.093757521,0.040901879,1
-0.084907142,-0.061997908,0.097533466,0.048791338,1
-0.093899315,-0.079242805,0.098365445,0.037706712,1
-0.09368023,-0.075398401,0.095208638,0.044289809,1
-0.070677219,-0.044313918,0.084768662,-0.004026931,1
-0.061836052,-0.036897361,0.080531908,0.008875825,1
-0.052115896,-0.054914684,0.095398792,0.006381059,1
-0.063788534,-0.057345651,0.096802817,-0.006102875,1
-0.057032811,-0.060756274,0.083967849,-0.002629636,1
-0.06451028,-0.052809766,0.091407683,0.011708936,1
-0.061948477,-0.053263453,0.090367076,0.012423265,1
-0.059621153,-0.049908752,0.095777309,0.006406784,1
-0.063889264,-0.057505195,0.087403987,0.00240774,1
-0.050156314,-0.053944071,0.089839513,0.010157289,1
-0.106486414,-0.099522114,0.087705939,-0.026290959,1
-0.108425195,-0.099792183,0.082735213,-0.025865728,1
-0.091535713,-0.085322448,0.081084264,-0.001538221,1
-0.063733211,-0.090631664,0.106024035,-0.018988743,1
-0.066239107,-0.079910547,0.100622771,-0.021389823,1
-0.111552952,-0.09383605,0.082450166,-0.025061107,1
-0.067407201,-0.092565599,0.102606769,-0.02295059,1
-0.075469151,-0.097401833,0.083556308,-0.026707879,1
-0.10610035,-0.09890528,0.08719625,-0.026330498,1
-0.088205865,-0.099504806,0.090296038,-0.028509806,1
-0.077097936,-0.043100483,0.070762757,0.01065841,1
-0.078068956,-0.05627824,0.062460491,0.002958765,1
-0.075475835,-0.05416173,0.072546198,0.016876278,1
-0.068118299,-0.059025197,0.062599187,0.001885457,1
-0.075966447,-0.051034377,0.062954889,0.00080324,1
-0.075031378,-0.041216874,0.071436239,0.01103747,1
-0.077133629,-0.043869999,0.068002137,0.007588533,1
-0.077105929,-0.042253147,0.068389702,0.006459032,1
-0.076505847,-0.04342493,0.069846533,0.008686204,1
-0.077365857,-0.038869575,0.069277632,0.007379879,1
-0.187324711,-0.13584521,0.029324218,-0.001904059,1
-0.198456135,-0.128928125,0.036663004,-0.004710419,1
-0.21684541,-0.14140381,-0.007698351,0.017626969,1
-0.056062316,-0.074400808,0.105509158,0.009216513,1
-0.191979648,-0.123652809,0.035824195,-0.011824251,1
-0.05592411,-0.055657595,0.116361803,0.012665866,1
-0.187864209,-0.129881932,0.043893024,0.00336229,1
-0.074721356,-0.076117741,0.101130921,-0.008630427,1
-0.081086707,-0.069318777,0.09959674,-0.007174156,1
-0.073792412,-0.067566872,0.099050592,-0.00566256,1
-0.076380781,-0.074863336,0.095686254,-0.009166121,1
-0.080874294,-0.079933605,0.100205104,-0.017276305,1
-0.086492573,-0.080425107,0.099196534,-0.013389553,1
-0.07699584,-0.073280183,0.094924228,-0.008593173,1
-0.073661755,-0.062662431,0.098735008,-0.006254128,1
-0.07235625,-0.06515006,0.103942167,-0.004715687,1
-0.080726316,-0.074818159,0.100960815,0.000872048,1
-0.136279438,-0.092756035,0.070910073,-0.037778846,1
-0.115411872,-0.069635731,0.097107357,-0.030199986,1
-0.116803011,-0.075915054,0.086504137,-0.048298803,1
-0.119978557,-0.080656852,0.094875059,-0.041670426,1
-0.118454479,-0.075080314,0.088247468,-0.055109538,1
-0.135800425,-0.088848887,0.078235872,-0.038501242,1
-0.118733636,-0.087432806,0.088997846,-0.055196699,1
-0.129135601,-0.085860768,0.079044843,-0.044337042,1
-0.111173814,-0.061443508,0.090104001,-0.042113431,1
-0.11525198,-0.067913314,0.092935302,-0.048245975,1
-0.076417011,-0.094971434,0.097720312,-0.029924453,1
-0.070673113,-0.075920753,0.094803527,-0.036736251,1
-0.072150366,-0.080854524,0.09314822,-0.025993423,1
-0.072971672,-0.094852765,0.098694768,-0.03148296,1
-0.059289214,-0.074882774,0.089154653,-0.013230085,1
-0.086220367,-0.097212902,0.098942075,-0.035316705,1
-0.070203439,-0.071017496,0.083279427,-0.019904484,1
-0.071118945,-0.08454486,0.105259368,-0.036417255,1
-0.072127932,-0.083982594,0.103662547,-0.025870291,1
-0.069323532,-0.086107151,0.094191973,-0.026989551,1
-0.077961603,-0.04006031,0.076738164,-0.001331945,1
-0.072833077,-0.061300032,0.066216947,-0.00220278,1
-0.081186302,-0.045597982,0.0664202,-0.011971376,1
-0.080694576,-0.038184376,0.075588648,-0.011066079,1
-0.082631173,-0.03926611,0.065401676,-0.008764409,1
-0.07302384,-0.03469282,0.068052255,-0.002177053,1
-0.081935652,-0.03974437,0.066384539,-0.009206773,1
-0.076705623,-0.040801493,0.065958622,-0.008985595,1
-0.083440398,-0.041292042,0.065455758,-0.009166838,1
-0.081386009,-0.042407533,0.06870371,-0.016510013,1
-0.083472252,-0.093864587,0.088397091,-0.025579794,1
-0.078316984,-0.093875792,0.092623821,-0.025198046,1
-0.083296128,-0.094145712,0.088624953,-0.026418507,1
-0.090061707,-0.097775452,0.086271536,-0.026300322,1
-0.082967797,-0.095886343,0.088587407,-0.027482101,1
-0.08158254,-0.092856235,0.090616627,-0.024993299,1
-0.091271657,-0.09881349,0.086336603,-0.053551844,1
-0.080647861,-0.093676142,0.090261829,-0.026354853,1
-0.085237863,-0.097586864,0.09072562,-0.026509581,1
-0.084026534,-0.093038852,0.089468009,-0.023306928,1
-0.09541215,-0.083619584,0.090114871,0.022861079,1
-0.083025875,-0.048545606,0.076815336,0.013774511,1
-0.093456666,-0.041150521,0.078780601,0.009839737,1
-0.080104477,-0.059690795,0.084914079,0.011317838,1
-0.225787047,-0.147258759,-0.002502884,0.023151606,1
-0.089709916,-0.053286705,0.081070308,-0.016121805,1
-0.073120426,-0.043707666,0.080275706,0.00459692,1
-0.083271371,-0.065640704,0.089598755,-0.015473513,1
-0.098260746,-0.055139392,0.077604537,0.016898427,1
-0.078621494,-0.041306203,0.076402804,0.013155946,1
-0.101379014,-0.078900613,0.097547038,-0.006017332,1
-0.095195642,-0.072923291,0.097970555,-0.008309468,1
-0.100958694,-0.08560456,0.095517424,-0.017921945,1
-0.101379014,-0.078900613,0.097547038,-0.006017332,1
-0.093569523,-0.066740622,0.103915505,-0.01141274,1
-0.102154322,-0.082081568,0.096432492,-0.007438702,1
-0.09461653,-0.060241659,0.091569614,0.00451393,1
-0.091863265,-0.060618227,0.094848566,4.05E-05,1
-0.095084199,-0.058755554,0.094575813,0.004390672,1
-0.099271672,-0.078261225,0.087691002,-0.006205013,1
-0.053582595,-0.061223927,0.117748842,-0.006727695,1
-0.063658649,-0.066031766,0.113572341,0.015452714,1
-0.054812416,-0.047623766,0.118665057,0.035902106,1
-0.069753479,-0.044157281,0.113788677,0.014818884,1
-0.061179997,-0.04654542,0.117700664,0.027558455,1
-0.059676072,-0.069039593,0.124428685,0.019526644,1
-0.067681097,-0.045997698,0.120473913,0.016702284,1
-0.053799285,-0.060691625,0.114904552,0.017003852,1
-0.065874022,-0.045971271,0.121147848,0.020202417,1
-0.069611981,-0.050227666,0.117440097,0.013949298,1
-0.078564683,-0.072050618,0.105914596,-0.002089765,1
-0.081936073,-0.077233215,0.109607048,-0.002595041,1
-0.079746973,-0.084921423,0.110709637,-0.01560637,1
-0.078244537,-0.073712644,0.108998145,-0.000398675,1
-0.082770473,-0.061847708,0.100028477,0.003196694,1
-0.081449082,-0.074630316,0.100074611,-0.008832896,1
-0.081350074,-0.066991177,0.108152672,0.002768255,1
-0.077016528,-0.078155213,0.108374053,-0.010104656,1
-0.080206823,-0.080527807,0.106948119,-0.010645572,1
-0.078244537,-0.073712644,0.108998145,-0.000398675,1
-0.085476111,-0.084875773,0.072137734,0.01661882,1
-0.077282356,-0.082208408,0.087353995,0.008441351,1
-0.074166209,-0.075552944,0.075062236,0.005673987,1
-0.076900251,-0.064919108,0.065935455,0.022359915,1
-0.080179302,-0.070946907,0.078632895,0.006742961,1
-0.062900432,-0.071335789,0.077940404,0.024135464,1
-0.08724863,-0.083533551,0.078778273,0.007654606,1
-0.087023585,-0.077451774,0.07261049,0.021248457,1
-0.076135997,-0.086376158,0.094697271,0.009886987,1
-0.07371564,-0.074420403,0.086158825,0.014569179,1
-0.059832648,-0.063171168,0.103165237,-0.000763138,1
-0.068035952,-0.089497675,0.097543227,0.00066658,1
-0.070823276,-0.075481048,0.1071641,0.005740489,1
-0.070401122,-0.081733821,0.091392475,-0.015361475,1
-0.07700994,-0.084273601,0.102437952,-0.012246199,1
-0.073672129,-0.075103062,0.090375812,-0.010967983,1
-0.07410739,-0.069633689,0.091114813,0.004856287,1
-0.070200273,-0.060973959,0.09223464,-0.012764909,1
-0.061366729,-0.083129464,0.10582424,0.003117932,1
-0.072350398,-0.079520315,0.093803594,-0.024297823,1
-0.073272702,-0.041609426,0.087065712,0.034008993,1
-0.075886088,-0.030118352,0.07866406,0.042827961,1
-0.081162868,-0.063209656,0.089973154,0.034582976,1
-0.080975203,-0.036649482,0.065421479,0.039605381,1
-0.106577627,-0.069105598,0.099696507,0.018830793,1
-0.081678751,-0.038080508,0.066193043,0.038523315,1
-0.085767404,-0.058641895,0.072951351,0.034087886,1
-0.086818655,-0.053889968,0.085567964,0.03732305,1
-0.080073492,-0.036451098,0.068384488,0.038168612,1
-0.091739869,-0.061384516,0.067822847,0.030016501,1
-0.090532901,-0.060228781,0.112340854,0.019256477,1
-0.091240895,-0.073522897,0.089174283,0.001887288,1
-0.068365723,-0.071458915,0.137938858,-0.024489807,1
-0.055556853,-0.072032931,0.092630507,-0.003826593,1
-0.118893823,-0.069010056,0.105973296,0.004854127,1
-0.123651114,-0.082026233,0.060362675,0.017472508,1
-0.074168521,-0.085329698,0.101449252,-0.004714799,1
-0.080156264,-0.075955415,0.099834646,-0.022408282,1
-0.073363817,-0.058877424,0.127718188,-0.019083988,1
-0.070227599,-0.073402511,0.129357497,-0.022423941,1
-0.076957079,-0.039751195,0.113594555,0.033748249,1
-0.075570238,-0.021176525,0.090384081,0.024741607,1
-0.080853998,-0.058468344,0.104843352,0.016048908,1
-0.063242981,-0.0241584,0.117857264,0.012227748,1
-0.07312693,-0.050985128,0.116293991,0.034696387,1
-0.075168491,-0.042229594,0.114624229,0.019002018,1
-0.071791012,-0.028089522,0.096664261,0.015883582,1
-0.066014809,-0.024281787,0.112895057,0.019463791,1
-0.067136256,-0.019058677,0.111876425,0.044426681,1
-0.068521627,-0.03187552,0.113216721,0.027992708,1
-0.114938338,-0.054626636,0.102162994,-0.007124427,1
-0.128011943,-0.057122867,0.097958111,-0.000266301,1
-0.126313242,-0.052970756,0.113293049,-0.016489333,1
-0.122839508,-0.054558215,0.092977715,-0.002892068,1
-0.115412825,-0.041683734,0.105014363,-0.01110718,1
-0.116792701,-0.051070027,0.123365063,-0.016363204,1
-0.113936199,-0.070513112,0.109435321,-0.029335308,1
-0.116285066,-0.060031626,0.109357389,-0.038913422,1
-0.118619124,-0.04147691,0.091727219,-0.004149943,1
-0.122901114,-0.059840619,0.091808535,-0.028102664,1
-0.054960622,-0.062173796,0.086363003,-0.018274639,1
-0.040104227,-0.055685376,0.10376029,-0.004831221,1
-0.05704008,-0.062085216,0.082378323,-0.026446536,1
-0.054942521,-0.066406079,0.086644125,-0.020065381,1
-0.053115642,-0.057618403,0.1007282,-0.015728018,1
-0.084995641,-0.061517641,0.077524907,0.031629259,0
-0.089871341,-0.072012253,0.079391924,0.038692264,0
-0.083708346,-0.069954613,0.089911354,0.043904756,0
-0.085853735,-0.045110478,0.079159287,0.01896679,0
-0.076577084,-0.047701301,0.096871329,0.019208538,0
-0.089250703,-0.066372216,0.088098837,0.037457864,0
-0.085370377,-0.039633591,0.09173123,0.01877783,0
-0.093885966,-0.051736411,0.100226325,0.02738955,0
-0.076518116,-0.050302974,0.088806081,0.025767137,0
-0.081336355,-0.055209303,0.088658099,0.042925146,0
-0.070685147,-0.085747193,0.097850928,0.028256815,0
-0.07639227,-0.073681006,0.093721418,0.023268204,0
-0.078813319,-0.076747794,0.093172364,0.022157361,0
-0.067837647,-0.042781801,0.088988576,0.05815307,0
-0.063782084,-0.082938401,0.130251046,0.042424515,0
-0.072031254,-0.063959945,0.097763364,0.056179223,0
-0.075832989,-0.058687141,0.085310182,0.040863992,0
-0.075898425,-0.071792011,0.113567314,0.03226737,0
-0.068109954,-0.070216855,0.103130635,0.049854451,0
-0.065573538,-0.064900339,0.111411436,0.059584317,0
-0.086442086,-0.068003131,0.072738221,0.00631552,0
-0.086380119,-0.091361588,0.099025314,0.017070583,0
-0.074469308,-0.076613586,0.104743732,0.003899133,0
-0.087263406,-0.069792188,0.099328189,0.007579002,0
-0.078047671,-0.065957198,0.111124647,-0.018959703,0
-0.077823928,-0.085727149,0.095229816,0.023911882,0
-0.076538326,-0.076483428,0.089960591,0.006915975,0
-0.077326991,-0.068767579,0.081793562,-0.004181655,0
-0.085826032,-0.084094533,0.098622676,0.023805819,0
-0.065159216,-0.068032873,0.097314201,-0.000903289,0
-0.039712954,-0.081472786,0.131678055,0.016791731,0
-0.039712954,-0.081472786,0.131678055,0.016791731,0
-0.046545713,-0.086255918,0.128495311,0.016266989,0
-0.039712954,-0.081472786,0.131678055,0.016791731,0
-0.041645167,-0.080948576,0.124168696,0.015198327,0
-0.039712954,-0.081472786,0.131678055,0.016791731,0
-0.07284189,-0.060311195,0.132529637,0.011846949,0
-0.039712954,-0.081472786,0.131678055,0.016791731,0
-0.039712954,-0.081472786,0.131678055,0.016791731,0
-0.069856111,-0.059601135,0.128217152,0.007144109,0
-0.068298351,-0.063999657,0.101610484,0.003041215,0
-0.082344928,-0.067705586,0.094969367,-0.004333141,0
-0.082340186,-0.066306819,0.101293816,-0.004606147,0
-0.085702913,-0.062115372,0.096462679,-0.003941198,0
-0.079917868,-0.059516875,0.092500802,-0.002474583,0
-0.082367465,-0.067711371,0.094291573,-0.00279891,0
-0.076767175,-0.058487999,0.098308826,0.004715314,0
-0.081928428,-0.065631454,0.102164534,-0.002290788,0
-0.082344928,-0.067705586,0.094969367,-0.004333141,0
-0.075064556,-0.060123426,0.101065682,0.000766831,0
-0.087899925,-0.061750744,0.11736976,0.015228033,0
-0.087684593,-0.049509662,0.115024604,0.016446884,0
-0.083052252,-0.049326123,0.118520312,0.008659995,0
-0.086023133,-0.05549874,0.115956729,0.011616482,0
-0.080154874,-0.052690436,0.118897683,0.00548485,0
-0.086853111,-0.050752544,0.121235793,0.013665277,0
-0.088179273,-0.056685071,0.112916884,0.016598422,0
-0.087684593,-0.049509662,0.115024604,0.016446884,0
-0.087684593,-0.049509662,0.115024604,0.016446884,0
-0.087684593,-0.049509662,0.115024604,0.016446884,0
-0.094498045,-0.082363077,0.058926828,-0.030371734,0
-0.06723772,-0.060125866,0.092641006,-0.01832501,0
-0.076637842,-0.052529161,0.085067664,-0.014559782,0
-0.072197292,-0.046095946,0.088157424,-0.019761213,0
-0.072572575,-0.06553719,0.094582045,-0.026758269,0
-0.072572575,-0.06553719,0.094582045,-0.026758269,0
-0.067787268,-0.062448104,0.093904668,-0.027658668,0
-0.067224915,-0.057115621,0.0888985,-0.023538399,0
-0.06626683,-0.05223614,0.093284237,-0.018397807,0
-0.06864963,-0.062782342,0.093390981,-0.023865333,0
-0.080903085,-0.071888581,0.118724835,-0.018553748,0
-0.076961086,-0.06114486,0.123053304,-0.005378339,0
-0.072118105,-0.061717811,0.126734417,-0.012549318,0
-0.073183242,-0.062909342,0.119384356,-0.00745536,0
-0.075092486,-0.061963806,0.124925544,-0.005187044,0
-0.07302173,-0.060989848,0.122347716,-0.009011864,0
-0.075923942,-0.0614431,0.125700998,-0.003833316,0
-0.077455128,-0.064388882,0.125631104,-0.000190599,0
-0.081181704,-0.070361277,0.123142273,-0.01657466,0
-0.070718866,-0.063895005,0.124667721,-0.007470463,0
-0.089745459,-0.073674801,0.079423114,1.26E-05,0
-0.080744185,-0.090124477,0.101269207,-0.005438834,0
-0.079395729,-0.073677563,0.104493251,-0.015794526,0
-0.0789197,-0.074080992,0.093238367,-0.00430031,0
-0.088614731,-0.069331868,0.097987139,0.005138075,0
-0.092390489,-0.082745767,0.084348318,-0.010555424,0
-0.087220055,-0.077550559,0.082091264,-0.005443207,0
-0.084595134,-0.05513081,0.103437455,-0.015540409,0
-0.087377646,-0.070006414,0.094072858,-0.002374135,0
-0.09466417,-0.085029305,0.095444678,-0.022798375,0
-0.073672307,-0.058499042,0.081673389,-0.024393879,0
-0.075661915,-0.056928689,0.079561475,-0.023680531,0
-0.068480165,-0.051436159,0.081736457,-0.02036699,0
-0.070658001,-0.053932417,0.082175948,-0.022876637,0
-0.073480383,-0.059213935,0.083562156,-0.025017268,0
-0.066999651,-0.055235681,0.080615548,-0.019623512,0
-0.068480165,-0.051436159,0.081736457,-0.02036699,0
-0.06777361,-0.051821434,0.080921746,-0.021460114,0
-0.073480383,-0.059213935,0.083562156,-0.025017268,0
-0.078370326,-0.059257607,0.081578372,-0.023659907,0
-0.115768562,-0.036170025,0.085922989,0.012573252,0
-0.074120052,-0.081693526,0.093287412,0.002598369,0
-0.082892544,-0.059356235,0.080361685,0.00390557,0
-0.083939957,-0.04654437,0.052877911,-0.03788593,0
-0.123233773,-0.030584596,0.05992647,0.006972068,0
-0.078920448,-0.052422368,0.079722178,-0.001580482,0
-0.078611151,-0.048968545,0.077246985,-0.015376721,0
-0.083316959,-0.040943562,0.065471461,-0.000614257,0
-0.06769508,-0.075586999,0.098176068,0.010602202,0
-0.077733062,-0.051931058,0.077178408,-0.008082568,0
-0.076078886,-0.069557188,0.08308738,-0.019501378,0
-0.082044738,-0.067450181,0.078770944,-0.018472891,0
-0.075868767,-0.079179214,0.080427107,-0.012947302,0
-0.080522115,-0.070666491,0.078073658,-0.014298538,0
-0.046378838,-0.130608621,0.167555875,0.021108385,0
-0.084603647,-0.080838793,0.078478439,-0.024975518,0
-0.077311686,-0.085256549,0.082133255,-0.034888706,0
-0.0835178,-0.073950417,0.074157099,-0.018819792,0
-0.078136455,-0.083650101,0.083213406,-0.029884757,0
-0.075888797,-0.099502311,0.089785956,-0.017820727,0
-0.104511457,-0.036790219,0.099734152,0.018688307,0
-0.107419659,-0.036872797,0.098429605,0.020667013,0
-0.107419659,-0.036872797,0.098429605,0.020667013,0
-0.109904337,-0.041667889,0.098792396,0.004733057,0
-0.110504935,-0.042175551,0.09810186,0.003906391,0
-0.104511457,-0.036790219,0.099734152,0.018688307,0
-0.10853634,-0.041735777,0.099324125,0.004601144,0
-0.107263972,-0.036983618,0.098409812,0.020501829,0
-0.110068385,-0.041550164,0.098813587,0.004909128,0
-0.107419659,-0.036872797,0.098429605,0.020667013,0
-0.087580176,-0.067034406,0.096316201,0.027323434,0
-0.087303247,-0.079070712,0.082975118,0.03185337,0
-0.080412348,-0.061849474,0.07012477,0.039035739,0
-0.073907329,-0.062359354,0.088039804,0.019487028,0
-0.086609885,-0.074535078,0.078046959,0.03085414,0
-0.086609885,-0.074535078,0.078046959,0.03085414,0
-0.06450662,-0.053912127,0.097201973,0.057562884,0
-0.085143054,-0.078722074,0.084881379,0.031204053,0
-0.084529008,-0.05943702,0.096324799,0.028554578,0
-0.086609885,-0.074535078,0.078046959,0.03085414,0
-0.087189256,-0.061636685,0.087220678,0.01712589,0
-0.099569457,-0.040482331,0.083957449,0.030076645,0
-0.081893162,-0.054075745,0.089148722,0.023226755,0
-0.073583305,-0.052604541,0.076868327,0.011729366,0
-0.084670356,-0.061272795,0.090532705,0.019591718,0
-0.086737455,-0.063225618,0.089121221,0.015955272,0
-0.089291541,-0.066886309,0.097799809,0.019560515,0
-0.082578114,-0.057639896,0.087808647,0.027929325,0
-0.087927129,-0.057969416,0.082741742,0.016068874,0
-0.070111358,-0.041740494,0.077445209,0.017734027,0
-0.08262518,-0.089049073,0.104190485,-0.011715542,0
-0.075697506,-0.066105168,0.11165293,-0.010032117,0
-0.075314219,-0.068624293,0.101916993,0.003368936,0
-0.083800346,-0.070427607,0.097226296,-0.004618252,0
-0.077054497,-0.076853677,0.099995654,-0.000220694,0
-0.07466901,-0.049299356,0.09928643,0.026451746,0
-0.075520693,-0.039187986,0.118909531,0.003327435,0
-0.087980327,-0.092181242,0.108809414,-0.005878769,0
-0.085624098,-0.073018438,0.09921467,-0.006947931,0
-0.072487003,-0.055926946,0.097960308,0.010682402,0
-0.072019025,-0.0729268,0.091731421,-0.000246689,0
-0.066289057,-0.073725097,0.091810019,-0.01339781,0
-0.063293064,-0.076664923,0.097594537,-0.021067016,0
-0.068408107,-0.084186428,0.091027628,-0.020465773,0
-0.063672655,-0.078613201,0.099681739,-0.022286753,0
-0.075375637,-0.073127694,0.098996441,-0.003352391,0
-0.067101845,-0.0756194,0.10197828,-0.015744686,0
-0.066046275,-0.075531878,0.094525821,-0.018249138,0
-0.092923164,-0.088924999,0.107115023,0.009181437,0
-0.063785651,-0.078167304,0.099755785,-0.021484995,0
-0.080491794,-0.06724794,0.10327699,-0.015301479,0
-0.083538838,-0.071249314,0.091010191,0.007642031,0
-0.077329351,-0.063678035,0.105617928,-0.026334158,0
-0.082737878,-0.070844693,0.102344261,-0.017967885,0
-0.082737878,-0.070844693,0.102344261,-0.017967885,0
-0.073352648,-0.070060339,0.097880468,0.011790938,0
-0.078961373,-0.058287838,0.11002065,-0.03580305,0
-0.082737878,-0.070844693,0.102344261,-0.017967885,0
-0.082737878,-0.070844693,0.102344261,-0.017967885,0
-0.074645212,-0.079420931,0.099336705,0.010652688,0
-0.094506779,-0.041495022,0.067519814,0.004418603,0
-0.083731262,-0.021691405,0.065758646,0.019998156,0
-0.083071731,-0.04236401,0.075032494,0.011851696,0
-0.083524468,-0.024932373,0.069112531,0.010980815,0
-0.084026156,-0.050678104,0.067980314,0.031412434,0
-0.100220903,-0.060232795,0.075494775,0.01395081,0
-0.088458325,-0.045005363,0.0825118,0.00696632,0
-0.087508839,-0.046213742,0.082038023,0.011957673,0
-0.084223159,-0.042950758,0.075439566,0.011181599,0
-0.137850462,-0.094405276,0.037699726,-0.006855449,0
-0.078244645,-0.055232673,0.088023584,0.039588805,0
-0.078867889,-0.058443305,0.096038963,0.014320172,0
-0.078964275,-0.067068682,0.094580508,0.032914349,0
-0.066012376,-0.055656891,0.090852229,0.033387526,0
-0.078890176,-0.053632521,0.081751035,0.015213423,0
-0.074825844,-0.05253743,0.094573825,0.027407369,0
-0.067044622,-0.075041944,0.095006644,0.013566546,0
-0.078312578,-0.063862856,0.100728209,0.01912232,0
-0.071949369,-0.064046077,0.091901758,0.028007576,0
-0.080436953,-0.069984471,0.083029536,0.022649837,0
-0.075108212,-0.086530643,0.126688491,-0.025083133,0
-0.07751687,-0.087027741,0.128032044,-0.031754509,0
-0.075339416,-0.087192917,0.12321426,-0.02594554,0
-0.075956486,-0.084912929,0.118259829,-0.023444856,0
-0.087710542,-0.077218082,0.138123532,-0.01884045,0
-0.072269217,-0.08044654,0.122667017,-0.022722938,0
-0.078049563,-0.078090138,0.122525056,-0.019789559,0
-0.100646025,-0.07880614,0.117265139,-0.037232441,0
-0.076925915,-0.092033908,0.133513014,-0.032564592,0
-0.089254411,-0.087654434,0.132707763,-0.029061053,0
-0.047336604,-0.057538227,0.106696205,0.009320619,0
-0.050801157,-0.066708782,0.117218085,-0.009290937,0
-0.057308528,-0.054185283,0.099261315,0.007169654,0
-0.061579424,-0.063398835,0.106979585,-0.001745163,0
-0.060437579,-0.061438119,0.099532674,0.007004651,0
-0.049181653,-0.061475562,0.110618936,-0.003456685,0
-0.048783854,-0.060166001,0.115710468,0.000874029,0
-0.047810755,-0.066453682,0.118812735,-0.002420339,0
-0.078213658,-0.074301666,0.093459766,0.014083409,0
-0.066376713,-0.061693742,0.098429914,-0.007726313,0
-0.076027614,-0.041655906,0.091439926,0.007238538,0
-0.097207751,-0.056388537,0.081165874,0.002750711,0
-0.092226006,-0.063892614,0.090520483,0.006893602,0
-0.102284306,-0.06059005,0.073316061,0.004140195,0
-0.097050372,-0.083340239,0.091339135,2.90E-05,0
-0.088789754,-0.091252181,0.108102913,0.014815785,0
-0.091481453,-0.059875761,0.083370615,-0.003821693,0
-0.094285979,-0.062698367,0.081623815,0.003715518,0
-0.096471252,-0.079131169,0.077765943,0.006833337,0
-0.090761954,-0.069712752,0.090365866,-0.001407273,0
-0.103182057,-0.081024625,0.073160188,-0.002452343,0
-0.103112714,-0.083414719,0.06925569,-0.00921823,0
-0.109516045,-0.082881607,0.063687957,-0.010948867,0
-0.099197912,-0.084061368,0.073191059,-0.009429674,0
-0.106666631,-0.091300393,0.072230553,0.000506724,0
-0.100314451,-0.076628258,0.064716611,0.002134614,0
-0.094597651,-0.083376055,0.075557299,0.003197375,0
-0.106533132,-0.08223089,0.065055743,-0.011832768,0
-0.094597651,-0.083376055,0.075557299,0.003197375,0
-0.100262527,-0.08536265,0.077873212,-0.004017981,0
-0.066355022,-0.061359924,0.097666222,-0.017612755,0
-0.060805176,-0.054790964,0.102338079,-0.0154764,0
-0.081742751,-0.05900642,0.095501272,-0.015671189,0
-0.069216546,-0.053674159,0.102621203,-0.019888951,0
-0.078621213,-0.05032484,0.082119046,-0.011337253,0
-0.06859781,-0.057832458,0.100347642,-0.0139854,0
-0.073274621,-0.067913639,0.106589313,-0.022762,0
-0.073882536,-0.043041758,0.082282087,-0.011841168,0
-0.076936496,-0.05197288,0.08921655,-0.017367724,0
-0.067548566,-0.063840086,0.11093253,-0.008687383,0
-0.065543182,-0.04444297,0.081569614,0.005564543,0
-0.057223706,-0.050589217,0.085377596,0.001342853,0
-0.065808923,-0.042663523,0.080530755,0.005785701,0
-0.081479833,-0.069535842,0.081129632,0.012151669,0
-0.071637853,-0.065676403,0.082651991,0.011350253,0
-0.078015211,-0.059651493,0.087483534,-0.000392677,0
-0.067676222,-0.072824476,0.096345768,-0.007362854,0
-0.055813704,-0.050719349,0.086623701,0.000775186,0
-0.058323219,-0.057913759,0.090813001,0.001984574,0
-0.056478462,-0.063691072,0.08449968,0.018656682,0
-0.083007133,-0.058231092,0.08476919,0.01342392,0
-0.067232912,-0.055372059,0.085878015,0.016900691,0
-0.086134267,-0.060321093,0.082334478,0.002855187,0
-0.073505884,-0.04479988,0.102138908,0.011487763,0
-0.084929847,-0.045621579,0.08729626,0.029829768,0
-0.07614616,-0.054278068,0.095812219,0.011126221,0
-0.083007133,-0.058231092,0.08476919,0.01342392,0
-0.077436293,-0.060959784,0.090031952,0.000946089,0
-0.081123251,-0.058950537,0.083827343,0.009021614,0
-0.07369661,-0.063889754,0.084111343,0.012567692,0
-0.110919552,-0.076559855,0.090997319,-0.0141397,0
-0.093542167,-0.064220018,0.087897605,-0.005026746,0
-0.095964049,-0.061818392,0.090186712,-0.007882441,0
-0.095964049,-0.061818392,0.090186712,-0.007882441,0
-0.095964049,-0.061818392,0.090186712,-0.007882441,0
-0.085072704,-0.048134389,0.082252325,-0.007476804,0
-0.095964049,-0.061818392,0.090186712,-0.007882441,0
-0.095978571,-0.05278462,0.082630229,-0.006097018,0
-0.095978571,-0.05278462,0.082630229,-0.006097018,0
-0.105425662,-0.074253052,0.086382437,-0.019671218,0
-0.087305182,-0.082567799,0.080128576,-0.046357672,0
-0.085263107,-0.080946724,0.085823267,-0.045232634,0
-0.093732283,-0.091439147,0.085109131,-0.048133335,0
-0.090699928,-0.082602173,0.084143172,-0.047898576,0
-0.085263107,-0.080946724,0.085823267,-0.045232634,0
-0.093732283,-0.091439147,0.085109131,-0.048133335,0
-0.086512583,-0.07480864,0.084512782,-0.040855197,0
-0.089277495,-0.0604731,0.061847832,-0.013416803,0
-0.099095653,-0.095089793,0.082001054,-0.050123551,0
-0.087137237,-0.080728047,0.082589847,-0.04421679,0
-0.055721999,-0.056529505,0.121041415,-0.001342958,0
-0.053315808,-0.05582196,0.109723643,-0.014046421,0
-0.056128994,-0.069075072,0.118228708,-0.00403223,0
-0.047997863,-0.058820738,0.136224066,0.010416363,0
-0.058712939,-0.054534423,0.110612331,0.00255051,0
-0.065580837,-0.064680358,0.105821861,-0.00976954,0
-0.071289574,-0.05143028,0.102727186,0.001445632,0
-0.052990898,-0.060703497,0.112727726,-0.020358059,0
-0.057560284,-0.05943435,0.131358467,0.001666334,0
-0.062078628,-0.061204177,0.118542935,-0.017222662,0
-0.043315051,-0.069860784,0.099042414,0.005080977,0
-0.0349065,-0.050832637,0.093404229,0.014187975,0
-0.040909898,-0.068352292,0.097551844,0.004917003,0
-0.04138301,-0.057346907,0.090474013,0.006721723,0
-0.041907501,-0.068072711,0.096102775,0.004411059,0
-0.040736924,-0.058963301,0.090779723,0.012788491,0
-0.033450806,-0.054625242,0.090516271,0.00971079,0
-0.046100644,-0.062758586,0.090922467,-0.014064853,0
-0.036470894,-0.048794041,0.089288894,0.016517742,0
-0.040716886,-0.058777085,0.11684225,-0.001906848,0
-0.092563976,-0.10227264,0.108823883,-0.031042155,0
-0.090941567,-0.086164618,0.110671886,-0.034408114,0
-0.091991295,-0.092255874,0.107242009,-0.050114066,0
-0.102741279,-0.080824118,0.085496883,-0.015635668,0
-0.09242588,-0.07496873,0.081932157,-0.035668338,0
-0.099708822,-0.0781396,0.083533301,-0.015658829,0
-0.098949863,-0.114054489,0.098351208,-0.031566892,0
-0.081117367,-0.089854129,0.116629806,-0.028285864,0
-0.114635254,-0.104769722,0.080725345,-0.031688301,0
-0.100356411,-0.086951382,0.085002035,-0.023521498,0
-0.093000803,-0.038965504,0.102356777,0.00914305,0
-0.095435981,-0.037381276,0.100426233,0.009079242,0
-0.095435981,-0.037381276,0.100426233,0.009079242,0
-0.093000803,-0.038965504,0.102356777,0.00914305,0
-0.093000803,-0.038965504,0.102356777,0.00914305,0
-0.095435981,-0.037381276,0.100426233,0.009079242,0
-0.089784949,-0.034165272,0.107286182,-0.011156066,0
-0.092655156,-0.036053698,0.10695897,-0.014786246,0
-0.087893839,-0.047027195,0.099624441,-0.019822542,0
-0.098156711,-0.044695699,0.107088032,0.003387771,0
-0.075687146,-0.051637301,0.095815766,-0.024119592,0
-0.075695907,-0.050601069,0.090196108,-0.020590187,0
-0.084618488,-0.062400764,0.084286186,-0.033621021,0
-0.078046159,-0.034178107,0.109568059,-0.022706997,0
-0.069111175,-0.051021122,0.098215561,-0.017167993,0
-0.067476867,-0.03350516,0.107593045,-0.014976914,0
-0.070482557,-0.042537715,0.106876729,-0.022073718,0
-0.072444922,-0.046889244,0.098972247,-0.017219334,0
-0.070745158,-0.059665511,0.09594626,-0.023868388,0
-0.069199712,-0.033967401,0.09675651,-0.01862878,0
-0.107796142,-0.062667162,0.080084653,0.02354523,0
-0.113957507,-0.067909022,0.084427568,0.017935339,0
-0.11602385,-0.057389396,0.072298617,0.018979306,0
-0.119276313,-0.063902086,0.072726895,0.023080579,0
-0.113178909,-0.05464642,0.071287513,0.020085831,0
-0.101679116,-0.064105137,0.094564068,0.026988461,0
-0.100694371,-0.043038064,0.0926842,0.031374359,0
-0.109340503,-0.053470793,0.093747019,0.010489469,0
-0.109340503,-0.053470793,0.093747019,0.010489469,0
-0.109357397,-0.071463106,0.074652359,0.026547879,0
-0.043958576,-0.065632542,0.114771079,-0.011536256,0
-0.026552604,-0.055012301,0.109698,-0.00044407,0
-0.020425844,-0.045883266,0.096419109,0.00481168,0
-0.024067259,-0.05047899,0.122812743,-0.00014197,0
-0.044155041,-0.041121976,0.104607799,0.006915281,0
-0.033641961,-0.04046226,0.1016191,0.002045809,0
-0.033556336,-0.057082734,0.114924234,-0.003381773,0
-0.031780725,-0.051782941,0.120746811,0.007199495,0
-0.037832186,-0.050855097,0.127820027,0.003733318,0
-0.029062135,-0.044107811,0.103669864,0.001215651,0
-0.110533702,-0.057325093,0.095234671,-0.04074831,0
-0.093513287,-0.047386713,0.097947591,-0.033233849,0
-0.101530127,-0.030566024,0.100298169,-0.023132391,0
-0.093402351,-0.05146651,0.08872436,-0.03089324,0
-0.091092477,-0.047523062,0.085291663,-0.031786677,0
-0.094885846,-0.061372661,0.089716993,-0.038280011,0
-0.095017775,-0.049654046,0.098264914,-0.03544561,0
-0.097598973,-0.055149294,0.096739885,-0.029750327,0
-0.096117657,-0.062857176,0.091718924,-0.038141522,0
-0.110062294,-0.051685307,0.098328892,-0.04111593,0
-0.09364038,-0.07504852,0.095585471,-0.044537168,0
-0.086674166,-0.063338508,0.107359411,-0.015724543,0
-0.070803659,-0.068395822,0.089893714,-0.010077976,0
-0.078897038,-0.059550275,0.101601751,-0.032613545,0
-0.09364038,-0.07504852,0.095585471,-0.044537168,0
-0.076946345,-0.06140677,0.088075035,-0.025605453,0
-0.081525118,-0.069362066,0.093532038,-0.030738591,0
-0.094370818,-0.076392227,0.09674861,-0.043606155,0
-0.096812438,-0.075518421,0.086575858,-0.023072618,0
-0.070225856,-0.052366833,0.106949362,-0.009914307,0
-0.089187613,-0.084654571,0.090762474,-0.034467872,0
-0.090006113,-0.092649866,0.092892012,-0.033336438,0
-0.082630774,-0.085196539,0.092429279,-0.032528153,0
-0.086414959,-0.093541262,0.094752973,-0.034298701,0
-0.081200666,-0.078947135,0.087945907,-0.031235368,0
-0.094508076,-0.101461181,0.071145849,-0.028687994,0
-0.081606581,-0.077526232,0.089941904,-0.03216462,0
-0.083271824,-0.086242209,0.092239451,-0.032762825,0
-0.082350911,-0.083330537,0.092974768,-0.03041382,0
-0.095945975,-0.096005751,0.069532652,-0.030330974,0
-0.078069963,-0.067615284,0.116653244,-0.006720845,0
-0.077940582,-0.070581933,0.107819994,-0.007775423,0
-0.129593865,-0.103242875,0.045243773,-0.030904239,0
-0.083454988,-0.077016715,0.094627787,-0.014019874,0
-0.081767261,-0.069736815,0.097523698,0.002563206,0
-0.071496945,-0.073678395,0.100615259,-0.054936856,0
-0.082552854,-0.069765151,0.097304357,0.002413364,0
-0.09640774,-0.067550598,0.086224734,-0.022280695,0
-0.086640662,-0.071886131,0.080073828,-0.001824988,0
-0.099325166,-0.074877825,0.086488437,-0.01258202,0
-0.083021623,-0.063179248,0.089657166,0.027640221,0
-0.097792424,-0.069182988,0.090422958,0.016424275,0
-0.098314712,-0.072246155,0.093672008,0.016364069,0
-0.08329202,-0.072419092,0.084913213,0.005867113,0
-0.093821728,-0.065381476,0.088803978,0.025724784,0
-0.094626809,-0.066734776,0.091760034,0.025143399,0
-0.094091582,-0.068787665,0.086710729,0.027140945,0
-0.094053863,-0.067955813,0.087099201,0.028042366,0
-0.093900021,-0.068923084,0.087303528,0.027610712,0
-0.088559649,-0.0656451,0.08520339,0.027388043,0
-0.074121097,-0.067186192,0.08590902,-0.021844235,0
-0.088396836,-0.054607437,0.112204236,-0.027957048,0
-0.086385688,-0.044013868,0.101091548,-0.039229357,0
-0.091554945,-0.049793971,0.099508297,-0.041751885,0
-0.091554945,-0.049793971,0.099508297,-0.041751885,0
-0.087222446,-0.048783376,0.113159163,-0.025862012,0
-0.08284697,-0.038730937,0.102891189,-0.033772161,0
-0.091593759,-0.045285331,0.098782854,-0.040021087,0
-0.082554568,-0.055161249,0.10099895,-0.034812035,0
-0.072662423,-0.056376377,0.098279249,-0.021939219,0
-0.089526054,-0.075332083,0.100445953,-0.010032969,0
-0.071512837,-0.075207646,0.108510883,-0.008956419,0
-0.082772129,-0.06876957,0.10055367,-0.015678211,0
-0.065502747,-0.067444299,0.100552096,-0.027042627,0
-0.080762243,-0.069516849,0.085763191,0.004753745,0
-0.075800834,-0.072664341,0.096343896,-0.028389071,0
-0.075503302,-0.065010376,0.092470666,0.014096623,0
-0.079010354,-0.075319429,0.082438553,-0.024193934,0
-0.065557137,-0.0682742,0.099932937,-0.024955883,0
-0.070937623,-0.067933198,0.104584743,-0.015083925,0
-0.09475283,-0.039296155,0.099012523,-0.008226538,0
-0.090785848,-0.033747377,0.104579565,-0.009147389,0
-0.089657953,-0.046933461,0.100007539,-0.016459242,0
-0.083201969,-0.046403492,0.093717239,-0.014214653,0
-0.092467753,-0.042507616,0.103416753,-0.010049964,0
-0.092467753,-0.042507616,0.103416753,-0.010049964,0
-0.097874208,-0.070000397,0.089627229,-0.018780822,0
-0.109072208,-0.045871727,0.118092293,-0.026460309,0
-0.092763269,-0.057564014,0.091095323,0.002351934,0
-0.091325382,-0.048264894,0.099807407,-0.017328516,0
-0.061456031,-0.035154408,0.07945497,0.005561114,0
-0.069104155,-0.042355541,0.083662938,0.00902739,0
-0.066154668,-0.046652303,0.077453127,0.004175807,0
-0.065949487,-0.050484882,0.091703775,0.004331158,0
-0.068809781,-0.041128195,0.083247912,0.007165229,0
-0.062273769,-0.054619463,0.087629022,0.001958,0
-0.063143639,-0.04279134,0.086776383,0.01028741,0
-0.069104155,-0.042355541,0.083662938,0.00902739,0
-0.06123162,-0.045034715,0.084021273,0.005295282,0
-0.06093177,-0.030762567,0.079079766,0.002528729,0
-0.089188608,-0.084269945,0.094903186,-0.00806225,0
-0.076450584,-0.097290824,0.088802983,-0.015530353,0
-0.094750454,-0.089724272,0.079144729,-0.013299204,0
-0.098485369,-0.105363059,0.07201321,-0.02126991,0
-0.080486677,-0.086961442,0.106308769,0.005219639,0
-0.090301362,-0.093580691,0.100169528,-0.014743192,0
-0.072986538,-0.079106577,0.095388473,-0.010994172,0
-0.085087919,-0.068092043,0.073103457,0.001308558,0
-0.076473913,-0.0862939,0.080704167,-0.009387422,0
-0.075317842,-0.097616899,0.09034824,-0.014913499,0
-0.088147835,-0.045320887,0.095008522,0.000934808,0
-0.088952199,-0.047119063,0.095366796,-0.00279211,0
-0.090188349,-0.047355443,0.101309545,-0.000796934,0
-0.086482261,-0.045162633,0.099636597,-0.003172273,0
-0.08511677,-0.043407123,0.105163449,0.006225894,0
-0.092784655,-0.058294108,0.101410339,-0.005823708,0
-0.088458532,-0.043919247,0.102630881,0.001570784,0
-0.089555394,-0.048867683,0.093409422,-0.004051706,0
-0.086482261,-0.045162633,0.099636597,-0.003172273,0
-0.089480981,-0.036611031,0.106463593,0.003848074,0
-0.092840058,-0.062803863,0.087190541,0.023843161,0
-0.096571325,-0.062183103,0.08695905,0.017187799,0
-0.087661418,-0.053598046,0.071540716,0.035372422,0
-0.09762526,-0.061433588,0.082473559,0.011008339,0
-0.095191723,-0.062395904,0.093087989,0.019359989,0
-0.078394383,-0.066274936,0.084111266,-0.001746051,0
-0.094085088,-0.047758485,0.079669619,0.024442962,0
-0.096574436,-0.066543705,0.074395935,0.042668426,0
-0.093314328,-0.038775659,0.06976136,0.030580877,0
-0.093512054,-0.066063273,0.087115002,0.005938464,0
-0.088926926,-0.083846929,0.11156367,0.000457411,0
-0.087970398,-0.073757033,0.09676752,0.000763309,0
-0.070807302,-0.065044382,0.105374319,0.006524127,0
-0.099718491,-0.076073996,0.096145427,0.014005135,0
-0.094771408,-0.080129923,0.106826807,0.005731793,0
-0.096399176,-0.086779665,0.112684819,0.013378756,0
-0.08296015,-0.072824514,0.099754825,0.011956754,0
-0.089170477,-0.084666209,0.112387349,0.005280635,0
-0.081757871,-0.073284426,0.102577706,-0.001535908,0
-0.081447502,-0.076725933,0.102498955,0.000192823,0
-0.070786298,-0.071292628,0.101469696,0.005894615,0
-0.077201096,-0.070485964,0.108097885,0.007371768,0
-0.054054793,-0.085772751,0.125357464,-0.021189784,0
-0.041830824,-0.07837464,0.137730281,-0.017777334,0
-0.042965116,-0.08322403,0.144600324,-0.012987674,0
-0.048419869,-0.088194117,0.128911217,-0.018809244,0
-0.07828601,-0.062147862,0.103482913,0.013116687,0
-0.069614027,-0.072472531,0.093358864,-0.008627244,0
-0.045745557,-0.080266626,0.144721258,-0.015867117,0
-0.071102899,-0.059338983,0.087019799,0.017650164,0
-0.073480383,-0.059213935,0.083562156,-0.025017268,0
-0.078370326,-0.059257607,0.081578372,-0.023659907,0
-0.115768562,-0.036170025,0.085922989,0.012573252,0
-0.074120052,-0.081693526,0.093287412,0.002598369,0
-0.082892544,-0.059356235,0.080361685,0.00390557,0
-0.083939957,-0.04654437,0.052877911,-0.03788593,0
-0.123233773,-0.030584596,0.05992647,0.006972068,0
-0.078920448,-0.052422368,0.079722178,-0.001580482,0
-0.078611151,-0.048968545,0.077246985,-0.015376721,0
-0.083316959,-0.040943562,0.065471461,-0.000614257,0
-0.06769508,-0.075586999,0.098176068,0.010602202,0
-0.077733062,-0.051931058,0.077178408,-0.008082568,0
-0.076078886,-0.069557188,0.08308738,-0.019501378,0
-0.082044738,-0.067450181,0.078770944,-0.018472891,0
-0.075868767,-0.079179214,0.080427107,-0.012947302,0
-0.080522115,-0.070666491,0.078073658,-0.014298538,0
-0.046378838,-0.130608621,0.167555875,0.021108385,0
-0.084603647,-0.080838793,0.078478439,-0.024975518,0
-0.077311686,-0.085256549,0.082133255,-0.034888706,0
-0.0835178,-0.073950417,0.074157099,-0.018819792,0
-0.078136455,-0.083650101,0.083213406,-0.029884757,0
-0.075888797,-0.099502311,0.089785956,-0.017820727,0
-0.104511457,-0.036790219,0.099734152,0.018688307,0
-0.107419659,-0.036872797,0.098429605,0.020667013,0
-0.107419659,-0.036872797,0.098429605,0.020667013,0
-0.109904337,-0.041667889,0.098792396,0.004733057,0
-0.110504935,-0.042175551,0.09810186,0.003906391,0
-0.104511457,-0.036790219,0.099734152,0.018688307,0
-0.10853634,-0.041735777,0.099324125,0.004601144,0
-0.107263972,-0.036983618,0.098409812,0.020501829,0
-0.110068385,-0.041550164,0.098813587,0.004909128,0
-0.107419659,-0.036872797,0.098429605,0.020667013,0
-0.087580176,-0.067034406,0.096316201,0.027323434,0
-0.087303247,-0.079070712,0.082975118,0.03185337,0
-0.080412348,-0.061849474,0.07012477,0.039035739,0
-0.073907329,-0.062359354,0.088039804,0.019487028,0
-0.086609885,-0.074535078,0.078046959,0.03085414,0
-0.086609885,-0.074535078,0.078046959,0.03085414,0
-0.06450662,-0.053912127,0.097201973,0.057562884,0
-0.085143054,-0.078722074,0.084881379,0.031204053,0
-0.084529008,-0.05943702,0.096324799,0.028554578,0
-0.086609885,-0.074535078,0.078046959,0.03085414,0
-0.087189256,-0.061636685,0.087220678,0.01712589,0
-0.099569457,-0.040482331,0.083957449,0.030076645,0
-0.081893162,-0.054075745,0.089148722,0.023226755,0
-0.073583305,-0.052604541,0.076868327,0.011729366,0
-0.084670356,-0.061272795,0.090532705,0.019591718,0
-0.086737455,-0.063225618,0.089121221,0.015955272,0
-0.089291541,-0.066886309,0.097799809,0.019560515,0
-0.082578114,-0.057639896,0.087808647,0.027929325,0
-0.087927129,-0.057969416,0.082741742,0.016068874,0
-0.070111358,-0.041740494,0.077445209,0.017734027,0
-0.08262518,-0.089049073,0.104190485,-0.011715542,0
-0.075697506,-0.066105168,0.11165293,-0.010032117,0
-0.075314219,-0.068624293,0.101916993,0.003368936,0
-0.083800346,-0.070427607,0.097226296,-0.004618252,0
-0.077054497,-0.076853677,0.099995654,-0.000220694,0
-0.07466901,-0.049299356,0.09928643,0.026451746,0
-0.075520693,-0.039187986,0.118909531,0.003327435,0
-0.087980327,-0.092181242,0.108809414,-0.005878769,0
-0.085624098,-0.073018438,0.09921467,-0.006947931,0
-0.072487003,-0.055926946,0.097960308,0.010682402,0
-0.072019025,-0.0729268,0.091731421,-0.000246689,0
-0.066289057,-0.073725097,0.091810019,-0.01339781,0
-0.063293064,-0.076664923,0.097594537,-0.021067016,0
-0.068408107,-0.084186428,0.091027628,-0.020465773,0
-0.063672655,-0.078613201,0.099681739,-0.022286753,0
-0.075375637,-0.073127694,0.098996441,-0.003352391,0
-0.067101845,-0.0756194,0.10197828,-0.015744686,0
-0.066046275,-0.075531878,0.094525821,-0.018249138,0
-0.092923164,-0.088924999,0.107115023,0.009181437,0
-0.063785651,-0.078167304,0.099755785,-0.021484995,0
-0.080491794,-0.06724794,0.10327699,-0.015301479,0
-0.083538838,-0.071249314,0.091010191,0.007642031,0
-0.077329351,-0.063678035,0.105617928,-0.026334158,0
-0.082737878,-0.070844693,0.102344261,-0.017967885,0
-0.082737878,-0.070844693,0.102344261,-0.017967885,0
-0.073352648,-0.070060339,0.097880468,0.011790938,0
-0.078961373,-0.058287838,0.11002065,-0.03580305,0
-0.082737878,-0.070844693,0.102344261,-0.017967885,0
-0.082737878,-0.070844693,0.102344261,-0.017967885,0
-0.074645212,-0.079420931,0.099336705,0.010652688,0
-0.094506779,-0.041495022,0.067519814,0.004418603,0
-0.083731262,-0.021691405,0.065758646,0.019998156,0
-0.083071731,-0.04236401,0.075032494,0.011851696,0
-0.083524468,-0.024932373,0.069112531,0.010980815,0
-0.084026156,-0.050678104,0.067980314,0.031412434,0
-0.100220903,-0.060232795,0.075494775,0.01395081,0
-0.088458325,-0.045005363,0.0825118,0.00696632,0
-0.087508839,-0.046213742,0.082038023,0.011957673,0
-0.084223159,-0.042950758,0.075439566,0.011181599,0
-0.137850462,-0.094405276,0.037699726,-0.006855449,0
-0.078244645,-0.055232673,0.088023584,0.039588805,0
-0.078867889,-0.058443305,0.096038963,0.014320172,0
-0.078964275,-0.067068682,0.094580508,0.032914349,0
-0.066012376,-0.055656891,0.090852229,0.033387526,0
-0.078890176,-0.053632521,0.081751035,0.015213423,0
-0.074825844,-0.05253743,0.094573825,0.027407369,0
-0.067044622,-0.075041944,0.095006644,0.013566546,0
-0.078312578,-0.063862856,0.100728209,0.01912232,0
-0.071949369,-0.064046077,0.091901758,0.028007576,0
-0.080436953,-0.069984471,0.083029536,0.022649837,0
-0.075108212,-0.086530643,0.126688491,-0.025083133,0
-0.07751687,-0.087027741,0.128032044,-0.031754509,0
-0.075339416,-0.087192917,0.12321426,-0.02594554,0
-0.075956486,-0.084912929,0.118259829,-0.023444856,0
-0.087710542,-0.077218082,0.138123532,-0.01884045,0
-0.072269217,-0.08044654,0.122667017,-0.022722938,0
-0.078049563,-0.078090138,0.122525056,-0.019789559,0
-0.100646025,-0.07880614,0.117265139,-0.037232441,0
-0.076925915,-0.092033908,0.133513014,-0.032564592,0
-0.089254411,-0.087654434,0.132707763,-0.029061053,0
-0.047336604,-0.057538227,0.106696205,0.009320619,0
-0.050801157,-0.066708782,0.117218085,-0.009290937,0
-0.057308528,-0.054185283,0.099261315,0.007169654,0
-0.061579424,-0.063398835,0.106979585,-0.001745163,0
-0.060437579,-0.061438119,0.099532674,0.007004651,0
-0.049181653,-0.061475562,0.110618936,-0.003456685,0
-0.048783854,-0.060166001,0.115710468,0.000874029,0
-0.047810755,-0.066453682,0.118812735,-0.002420339,0
-0.078213658,-0.074301666,0.093459766,0.014083409,0
-0.066376713,-0.061693742,0.098429914,-0.007726313,0
-0.076027614,-0.041655906,0.091439926,0.007238538,0
-0.097207751,-0.056388537,0.081165874,0.002750711,0
-0.092226006,-0.063892614,0.090520483,0.006893602,0
-0.102284306,-0.06059005,0.073316061,0.004140195,0
-0.097050372,-0.083340239,0.091339135,2.90E-05,0
-0.088789754,-0.091252181,0.108102913,0.014815785,0
-0.091481453,-0.059875761,0.083370615,-0.003821693,0
-0.094285979,-0.062698367,0.081623815,0.003715518,0
-0.096471252,-0.079131169,0.077765943,0.006833337,0
-0.090761954,-0.069712752,0.090365866,-0.001407273,0
-0.103182057,-0.081024625,0.073160188,-0.002452343,0
-0.103112714,-0.083414719,0.06925569,-0.00921823,0
-0.109516045,-0.082881607,0.063687957,-0.010948867,0
-0.099197912,-0.084061368,0.073191059,-0.009429674,0
-0.106666631,-0.091300393,0.072230553,0.000506724,0
-0.100314451,-0.076628258,0.064716611,0.002134614,0
-0.094597651,-0.083376055,0.075557299,0.003197375,0
-0.106533132,-0.08223089,0.065055743,-0.011832768,0
-0.094597651,-0.083376055,0.075557299,0.003197375,0
-0.100262527,-0.08536265,0.077873212,-0.004017981,0
-0.066355022,-0.061359924,0.097666222,-0.017612755,0
-0.060805176,-0.054790964,0.102338079,-0.0154764,0
-0.081742751,-0.05900642,0.095501272,-0.015671189,0
-0.069216546,-0.053674159,0.102621203,-0.019888951,0
-0.078621213,-0.05032484,0.082119046,-0.011337253,0
-0.06859781,-0.057832458,0.100347642,-0.0139854,0
-0.073274621,-0.067913639,0.106589313,-0.022762,0
-0.073882536,-0.043041758,0.082282087,-0.011841168,0
-0.076936496,-0.05197288,0.08921655,-0.017367724,0
-0.067548566,-0.063840086,0.11093253,-0.008687383,0
-0.065543182,-0.04444297,0.081569614,0.005564543,0
-0.057223706,-0.050589217,0.085377596,0.001342853,0
-0.065808923,-0.042663523,0.080530755,0.005785701,0
-0.081479833,-0.069535842,0.081129632,0.012151669,0
-0.071637853,-0.065676403,0.082651991,0.011350253,0
-0.078015211,-0.059651493,0.087483534,-0.000392677,0
-0.067676222,-0.072824476,0.096345768,-0.007362854,0
-0.055813704,-0.050719349,0.086623701,0.000775186,0
-0.058323219,-0.057913759,0.090813001,0.001984574,0
-0.056478462,-0.063691072,0.08449968,0.018656682,0
